"module","family","expected_policy","expected_kernel","observed_kernel","coqc_status","coqchk_status","outcome","coqc_ms","coqchk_ms","coqc_log","coqchk_log"
"V64_ACCEPT_RECORD_TUPLE_001","record_tuple","accept","success","success","kernel_success","coqchk_success","accepted_kernel_checked","422.2","397","logs/V64_ACCEPT_RECORD_TUPLE_001.coqc.log","logs/V64_ACCEPT_BATCH.coqchk.log"
"V64_ACCEPT_RECORD_TUPLE_002","record_tuple","accept","success","success","kernel_success","coqchk_success","accepted_kernel_checked","434.9","397","logs/V64_ACCEPT_RECORD_TUPLE_002.coqc.log","logs/V64_ACCEPT_BATCH.coqchk.log"
"V64_ACCEPT_RECORD_TUPLE_003","record_tuple","accept","success","success","kernel_success","coqchk_success","accepted_kernel_checked","440.1","397","logs/V64_ACCEPT_RECORD_TUPLE_003.coqc.log","logs/V64_ACCEPT_BATCH.coqchk.log"
"V64_ACCEPT_RECORD_TUPLE_004","record_tuple","accept","success","success","kernel_success","coqchk_success","accepted_kernel_checked","472.9","397","logs/V64_ACCEPT_RECORD_TUPLE_004.coqc.log","logs/V64_ACCEPT_BATCH.coqchk.log"
"V64_ACCEPT_RECORD_TUPLE_005","record_tuple","accept","success","success","kernel_success","coqchk_success","accepted_kernel_checked","433.5","397","logs/V64_ACCEPT_RECORD_TUPLE_005.coqc.log","logs/V64_ACCEPT_BATCH.coqchk.log"
"V64_ACCEPT_RECORD_TUPLE_006","record_tuple","accept","success","success","kernel_success","coqchk_success","accepted_kernel_checked","432.1","397","logs/V64_ACCEPT_RECORD_TUPLE_006.coqc.log","logs/V64_ACCEPT_BATCH.coqchk.log"
"V64_ACCEPT_RECORD_TUPLE_007","record_tuple","accept","success","success","kernel_success","coqchk_success","accepted_kernel_checked","447.5","397","logs/V64_ACCEPT_RECORD_TUPLE_007.coqc.log","logs/V64_ACCEPT_BATCH.coqchk.log"
"V64_ACCEPT_RECORD_TUPLE_008","record_tuple","accept","success","success","kernel_success","coqchk_success","accepted_kernel_checked","424.9","397","logs/V64_ACCEPT_RECORD_TUPLE_008.coqc.log","logs/V64_ACCEPT_BATCH.coqchk.log"
"V64_ACCEPT_RECORD_TUPLE_009","record_tuple","accept","success","success","kernel_success","coqchk_success","accepted_kernel_checked","416.8","397","logs/V64_ACCEPT_RECORD_TUPLE_009.coqc.log","logs/V64_ACCEPT_BATCH.coqchk.log"
"V64_ACCEPT_RECORD_TUPLE_010","record_tuple","accept","success","success","kernel_success","coqchk_success","accepted_kernel_checked","328.7","397","logs/V64_ACCEPT_RECORD_TUPLE_010.coqc.log","logs/V64_ACCEPT_BATCH.coqchk.log"
"V64_ACCEPT_RECORD_TUPLE_011","record_tuple","accept","success","success","kernel_success","coqchk_success","accepted_kernel_checked","313.5","397","logs/V64_ACCEPT_RECORD_TUPLE_011.coqc.log","logs/V64_ACCEPT_BATCH.coqchk.log"
"V64_ACCEPT_RECORD_TUPLE_012","record_tuple","accept","success","success","kernel_success","coqchk_success","accepted_kernel_checked","318.3","397","logs/V64_ACCEPT_RECORD_TUPLE_012.coqc.log","logs/V64_ACCEPT_BATCH.coqchk.log"
"V64_ACCEPT_RECORD_TUPLE_013","record_tuple","accept","success","success","kernel_success","coqchk_success","accepted_kernel_checked","290.6","397","logs/V64_ACCEPT_RECORD_TUPLE_013.coqc.log","logs/V64_ACCEPT_BATCH.coqchk.log"
"V64_ACCEPT_RECORD_TUPLE_014","record_tuple","accept","success","success","kernel_success","coqchk_success","accepted_kernel_checked","326.7","397","logs/V64_ACCEPT_RECORD_TUPLE_014.coqc.log","logs/V64_ACCEPT_BATCH.coqchk.log"
"V64_ACCEPT_RECORD_TUPLE_015","record_tuple","accept","success","success","kernel_success","coqchk_success","accepted_kernel_checked","343.6","397","logs/V64_ACCEPT_RECORD_TUPLE_015.coqc.log","logs/V64_ACCEPT_BATCH.coqchk.log"
"V64_ACCEPT_RECORD_TUPLE_016","record_tuple","accept","success","success","kernel_success","coqchk_success","accepted_kernel_checked","319.7","397","logs/V64_ACCEPT_RECORD_TUPLE_016.coqc.log","logs/V64_ACCEPT_BATCH.coqchk.log"
"V64_ACCEPT_RECORD_TUPLE_017","record_tuple","accept","success","success","kernel_success","coqchk_success","accepted_kernel_checked","350.2","397","logs/V64_ACCEPT_RECORD_TUPLE_017.coqc.log","logs/V64_ACCEPT_BATCH.coqchk.log"
"V64_ACCEPT_RECORD_TUPLE_018","record_tuple","accept","success","success","kernel_success","coqchk_success","accepted_kernel_checked","303.7","397","logs/V64_ACCEPT_RECORD_TUPLE_018.coqc.log","logs/V64_ACCEPT_BATCH.coqchk.log"
"V64_ACCEPT_RECORD_TUPLE_019","record_tuple","accept","success","success","kernel_success","coqchk_success","accepted_kernel_checked","326.9","397","logs/V64_ACCEPT_RECORD_TUPLE_019.coqc.log","logs/V64_ACCEPT_BATCH.coqchk.log"
"V64_ACCEPT_RECORD_TUPLE_020","record_tuple","accept","success","success","kernel_success","coqchk_success","accepted_kernel_checked","323.2","397","logs/V64_ACCEPT_RECORD_TUPLE_020.coqc.log","logs/V64_ACCEPT_BATCH.coqchk.log"
"V64_ACCEPT_RECORD_TUPLE_021","record_tuple","accept","success","success","kernel_success","coqchk_success","accepted_kernel_checked","298.3","397","logs/V64_ACCEPT_RECORD_TUPLE_021.coqc.log","logs/V64_ACCEPT_BATCH.coqchk.log"
"V64_ACCEPT_RECORD_TUPLE_022","record_tuple","accept","success","success","kernel_success","coqchk_success","accepted_kernel_checked","329.6","397","logs/V64_ACCEPT_RECORD_TUPLE_022.coqc.log","logs/V64_ACCEPT_BATCH.coqchk.log"
"V64_ACCEPT_RECORD_TUPLE_023","record_tuple","accept","success","success","kernel_success","coqchk_success","accepted_kernel_checked","279.2","397","logs/V64_ACCEPT_RECORD_TUPLE_023.coqc.log","logs/V64_ACCEPT_BATCH.coqchk.log"
"V64_ACCEPT_RECORD_TUPLE_024","record_tuple","accept","success","success","kernel_success","coqchk_success","accepted_kernel_checked","296.1","397","logs/V64_ACCEPT_RECORD_TUPLE_024.coqc.log","logs/V64_ACCEPT_BATCH.coqchk.log"
"V64_ACCEPT_RECORD_TUPLE_025","record_tuple","accept","success","success","kernel_success","coqchk_success","accepted_kernel_checked","289.8","397","logs/V64_ACCEPT_RECORD_TUPLE_025.coqc.log","logs/V64_ACCEPT_BATCH.coqchk.log"
"V64_ACCEPT_RECORD_TUPLE_026","record_tuple","accept","success","success","kernel_success","coqchk_success","accepted_kernel_checked","290.4","397","logs/V64_ACCEPT_RECORD_TUPLE_026.coqc.log","logs/V64_ACCEPT_BATCH.coqchk.log"
"V64_ACCEPT_RECORD_TUPLE_027","record_tuple","accept","success","success","kernel_success","coqchk_success","accepted_kernel_checked","313.8","397","logs/V64_ACCEPT_RECORD_TUPLE_027.coqc.log","logs/V64_ACCEPT_BATCH.coqchk.log"
"V64_ACCEPT_RECORD_TUPLE_028","record_tuple","accept","success","success","kernel_success","coqchk_success","accepted_kernel_checked","331.7","397","logs/V64_ACCEPT_RECORD_TUPLE_028.coqc.log","logs/V64_ACCEPT_BATCH.coqchk.log"
"V64_ACCEPT_RECORD_TUPLE_029","record_tuple","accept","success","success","kernel_success","coqchk_success","accepted_kernel_checked","366.5","397","logs/V64_ACCEPT_RECORD_TUPLE_029.coqc.log","logs/V64_ACCEPT_BATCH.coqchk.log"
"V64_ACCEPT_RECORD_TUPLE_030","record_tuple","accept","success","success","kernel_success","coqchk_success","accepted_kernel_checked","348.3","397","logs/V64_ACCEPT_RECORD_TUPLE_030.coqc.log","logs/V64_ACCEPT_BATCH.coqchk.log"
"V64_ACCEPT_RECORD_TUPLE_031","record_tuple","accept","success","success","kernel_success","coqchk_success","accepted_kernel_checked","337","397","logs/V64_ACCEPT_RECORD_TUPLE_031.coqc.log","logs/V64_ACCEPT_BATCH.coqchk.log"
"V64_ACCEPT_RECORD_TUPLE_032","record_tuple","accept","success","success","kernel_success","coqchk_success","accepted_kernel_checked","330.8","397","logs/V64_ACCEPT_RECORD_TUPLE_032.coqc.log","logs/V64_ACCEPT_BATCH.coqchk.log"
"V64_ACCEPT_RECORD_TUPLE_033","record_tuple","accept","success","success","kernel_success","coqchk_success","accepted_kernel_checked","304","397","logs/V64_ACCEPT_RECORD_TUPLE_033.coqc.log","logs/V64_ACCEPT_BATCH.coqchk.log"
"V64_ACCEPT_RECORD_TUPLE_034","record_tuple","accept","success","success","kernel_success","coqchk_success","accepted_kernel_checked","289.6","397","logs/V64_ACCEPT_RECORD_TUPLE_034.coqc.log","logs/V64_ACCEPT_BATCH.coqchk.log"
"V64_ACCEPT_RECORD_TUPLE_035","record_tuple","accept","success","success","kernel_success","coqchk_success","accepted_kernel_checked","277.9","397","logs/V64_ACCEPT_RECORD_TUPLE_035.coqc.log","logs/V64_ACCEPT_BATCH.coqchk.log"
"V64_ACCEPT_RECORD_TUPLE_036","record_tuple","accept","success","success","kernel_success","coqchk_success","accepted_kernel_checked","287.5","397","logs/V64_ACCEPT_RECORD_TUPLE_036.coqc.log","logs/V64_ACCEPT_BATCH.coqchk.log"
"V64_ACCEPT_RECORD_TUPLE_037","record_tuple","accept","success","success","kernel_success","coqchk_success","accepted_kernel_checked","326.3","397","logs/V64_ACCEPT_RECORD_TUPLE_037.coqc.log","logs/V64_ACCEPT_BATCH.coqchk.log"
"V64_ACCEPT_RECORD_TUPLE_038","record_tuple","accept","success","success","kernel_success","coqchk_success","accepted_kernel_checked","308.6","397","logs/V64_ACCEPT_RECORD_TUPLE_038.coqc.log","logs/V64_ACCEPT_BATCH.coqchk.log"
"V64_ACCEPT_RECORD_TUPLE_039","record_tuple","accept","success","success","kernel_success","coqchk_success","accepted_kernel_checked","304","397","logs/V64_ACCEPT_RECORD_TUPLE_039.coqc.log","logs/V64_ACCEPT_BATCH.coqchk.log"
"V64_ACCEPT_RECORD_TUPLE_040","record_tuple","accept","success","success","kernel_success","coqchk_success","accepted_kernel_checked","367.8","397","logs/V64_ACCEPT_RECORD_TUPLE_040.coqc.log","logs/V64_ACCEPT_BATCH.coqchk.log"
"V64_ACCEPT_RECORD_TUPLE_041","record_tuple","accept","success","success","kernel_success","coqchk_success","accepted_kernel_checked","347.2","397","logs/V64_ACCEPT_RECORD_TUPLE_041.coqc.log","logs/V64_ACCEPT_BATCH.coqchk.log"
"V64_ACCEPT_RECORD_TUPLE_042","record_tuple","accept","success","success","kernel_success","coqchk_success","accepted_kernel_checked","351.1","397","logs/V64_ACCEPT_RECORD_TUPLE_042.coqc.log","logs/V64_ACCEPT_BATCH.coqchk.log"
"V64_ACCEPT_RECORD_TUPLE_043","record_tuple","accept","success","success","kernel_success","coqchk_success","accepted_kernel_checked","379.3","397","logs/V64_ACCEPT_RECORD_TUPLE_043.coqc.log","logs/V64_ACCEPT_BATCH.coqchk.log"
"V64_ACCEPT_RECORD_TUPLE_044","record_tuple","accept","success","success","kernel_success","coqchk_success","accepted_kernel_checked","387.3","397","logs/V64_ACCEPT_RECORD_TUPLE_044.coqc.log","logs/V64_ACCEPT_BATCH.coqchk.log"
"V64_ACCEPT_RECORD_TUPLE_045","record_tuple","accept","success","success","kernel_success","coqchk_success","accepted_kernel_checked","344.7","397","logs/V64_ACCEPT_RECORD_TUPLE_045.coqc.log","logs/V64_ACCEPT_BATCH.coqchk.log"
"V64_ACCEPT_RECORD_TUPLE_046","record_tuple","accept","success","success","kernel_success","coqchk_success","accepted_kernel_checked","352.3","397","logs/V64_ACCEPT_RECORD_TUPLE_046.coqc.log","logs/V64_ACCEPT_BATCH.coqchk.log"
"V64_ACCEPT_RECORD_TUPLE_047","record_tuple","accept","success","success","kernel_success","coqchk_success","accepted_kernel_checked","360.4","397","logs/V64_ACCEPT_RECORD_TUPLE_047.coqc.log","logs/V64_ACCEPT_BATCH.coqchk.log"
"V64_ACCEPT_RECORD_TUPLE_048","record_tuple","accept","success","success","kernel_success","coqchk_success","accepted_kernel_checked","315","397","logs/V64_ACCEPT_RECORD_TUPLE_048.coqc.log","logs/V64_ACCEPT_BATCH.coqchk.log"
"V64_ACCEPT_RECORD_TUPLE_049","record_tuple","accept","success","success","kernel_success","coqchk_success","accepted_kernel_checked","310.2","397","logs/V64_ACCEPT_RECORD_TUPLE_049.coqc.log","logs/V64_ACCEPT_BATCH.coqchk.log"
"V64_ACCEPT_RECORD_TUPLE_050","record_tuple","accept","success","success","kernel_success","coqchk_success","accepted_kernel_checked","326.8","397","logs/V64_ACCEPT_RECORD_TUPLE_050.coqc.log","logs/V64_ACCEPT_BATCH.coqchk.log"
"V64_ACCEPT_RECORD_TUPLE_051","record_tuple","accept","success","success","kernel_success","coqchk_success","accepted_kernel_checked","319.8","397","logs/V64_ACCEPT_RECORD_TUPLE_051.coqc.log","logs/V64_ACCEPT_BATCH.coqchk.log"
"V64_ACCEPT_RECORD_TUPLE_052","record_tuple","accept","success","success","kernel_success","coqchk_success","accepted_kernel_checked","319.3","397","logs/V64_ACCEPT_RECORD_TUPLE_052.coqc.log","logs/V64_ACCEPT_BATCH.coqchk.log"
"V64_ACCEPT_RECORD_TUPLE_053","record_tuple","accept","success","success","kernel_success","coqchk_success","accepted_kernel_checked","355.1","397","logs/V64_ACCEPT_RECORD_TUPLE_053.coqc.log","logs/V64_ACCEPT_BATCH.coqchk.log"
"V64_ACCEPT_RECORD_TUPLE_054","record_tuple","accept","success","success","kernel_success","coqchk_success","accepted_kernel_checked","337.3","397","logs/V64_ACCEPT_RECORD_TUPLE_054.coqc.log","logs/V64_ACCEPT_BATCH.coqchk.log"
"V64_ACCEPT_RECORD_TUPLE_055","record_tuple","accept","success","success","kernel_success","coqchk_success","accepted_kernel_checked","326.1","397","logs/V64_ACCEPT_RECORD_TUPLE_055.coqc.log","logs/V64_ACCEPT_BATCH.coqchk.log"
"V64_ACCEPT_RECORD_TUPLE_056","record_tuple","accept","success","success","kernel_success","coqchk_success","accepted_kernel_checked","369.5","397","logs/V64_ACCEPT_RECORD_TUPLE_056.coqc.log","logs/V64_ACCEPT_BATCH.coqchk.log"
"V64_ACCEPT_RECORD_TUPLE_057","record_tuple","accept","success","success","kernel_success","coqchk_success","accepted_kernel_checked","338.6","397","logs/V64_ACCEPT_RECORD_TUPLE_057.coqc.log","logs/V64_ACCEPT_BATCH.coqchk.log"
"V64_ACCEPT_RECORD_TUPLE_058","record_tuple","accept","success","success","kernel_success","coqchk_success","accepted_kernel_checked","323.6","397","logs/V64_ACCEPT_RECORD_TUPLE_058.coqc.log","logs/V64_ACCEPT_BATCH.coqchk.log"
"V64_ACCEPT_RECORD_TUPLE_059","record_tuple","accept","success","success","kernel_success","coqchk_success","accepted_kernel_checked","364.5","397","logs/V64_ACCEPT_RECORD_TUPLE_059.coqc.log","logs/V64_ACCEPT_BATCH.coqchk.log"
"V64_ACCEPT_RECORD_TUPLE_060","record_tuple","accept","success","success","kernel_success","coqchk_success","accepted_kernel_checked","319.1","397","logs/V64_ACCEPT_RECORD_TUPLE_060.coqc.log","logs/V64_ACCEPT_BATCH.coqchk.log"
"V64_ACCEPT_OPTION_SENTINEL_001","option_sentinel","accept","success","success","kernel_success","coqchk_success","accepted_kernel_checked","334.9","397","logs/V64_ACCEPT_OPTION_SENTINEL_001.coqc.log","logs/V64_ACCEPT_BATCH.coqchk.log"
"V64_ACCEPT_OPTION_SENTINEL_002","option_sentinel","accept","success","success","kernel_success","coqchk_success","accepted_kernel_checked","378.1","397","logs/V64_ACCEPT_OPTION_SENTINEL_002.coqc.log","logs/V64_ACCEPT_BATCH.coqchk.log"
"V64_ACCEPT_OPTION_SENTINEL_003","option_sentinel","accept","success","success","kernel_success","coqchk_success","accepted_kernel_checked","353.4","397","logs/V64_ACCEPT_OPTION_SENTINEL_003.coqc.log","logs/V64_ACCEPT_BATCH.coqchk.log"
"V64_ACCEPT_OPTION_SENTINEL_004","option_sentinel","accept","success","success","kernel_success","coqchk_success","accepted_kernel_checked","325.5","397","logs/V64_ACCEPT_OPTION_SENTINEL_004.coqc.log","logs/V64_ACCEPT_BATCH.coqchk.log"
"V64_ACCEPT_OPTION_SENTINEL_005","option_sentinel","accept","success","success","kernel_success","coqchk_success","accepted_kernel_checked","349.3","397","logs/V64_ACCEPT_OPTION_SENTINEL_005.coqc.log","logs/V64_ACCEPT_BATCH.coqchk.log"
"V64_ACCEPT_OPTION_SENTINEL_006","option_sentinel","accept","success","success","kernel_success","coqchk_success","accepted_kernel_checked","323.1","397","logs/V64_ACCEPT_OPTION_SENTINEL_006.coqc.log","logs/V64_ACCEPT_BATCH.coqchk.log"
"V64_ACCEPT_OPTION_SENTINEL_007","option_sentinel","accept","success","success","kernel_success","coqchk_success","accepted_kernel_checked","314.3","397","logs/V64_ACCEPT_OPTION_SENTINEL_007.coqc.log","logs/V64_ACCEPT_BATCH.coqchk.log"
"V64_ACCEPT_OPTION_SENTINEL_008","option_sentinel","accept","success","success","kernel_success","coqchk_success","accepted_kernel_checked","344.3","397","logs/V64_ACCEPT_OPTION_SENTINEL_008.coqc.log","logs/V64_ACCEPT_BATCH.coqchk.log"
"V64_ACCEPT_OPTION_SENTINEL_009","option_sentinel","accept","success","success","kernel_success","coqchk_success","accepted_kernel_checked","310.2","397","logs/V64_ACCEPT_OPTION_SENTINEL_009.coqc.log","logs/V64_ACCEPT_BATCH.coqchk.log"
"V64_ACCEPT_OPTION_SENTINEL_010","option_sentinel","accept","success","success","kernel_success","coqchk_success","accepted_kernel_checked","327.2","397","logs/V64_ACCEPT_OPTION_SENTINEL_010.coqc.log","logs/V64_ACCEPT_BATCH.coqchk.log"
"V64_ACCEPT_OPTION_SENTINEL_011","option_sentinel","accept","success","success","kernel_success","coqchk_success","accepted_kernel_checked","311.3","397","logs/V64_ACCEPT_OPTION_SENTINEL_011.coqc.log","logs/V64_ACCEPT_BATCH.coqchk.log"
"V64_ACCEPT_OPTION_SENTINEL_012","option_sentinel","accept","success","success","kernel_success","coqchk_success","accepted_kernel_checked","340.4","397","logs/V64_ACCEPT_OPTION_SENTINEL_012.coqc.log","logs/V64_ACCEPT_BATCH.coqchk.log"
"V64_ACCEPT_OPTION_SENTINEL_013","option_sentinel","accept","success","success","kernel_success","coqchk_success","accepted_kernel_checked","328.9","397","logs/V64_ACCEPT_OPTION_SENTINEL_013.coqc.log","logs/V64_ACCEPT_BATCH.coqchk.log"
"V64_ACCEPT_OPTION_SENTINEL_014","option_sentinel","accept","success","success","kernel_success","coqchk_success","accepted_kernel_checked","349.5","397","logs/V64_ACCEPT_OPTION_SENTINEL_014.coqc.log","logs/V64_ACCEPT_BATCH.coqchk.log"
"V64_ACCEPT_OPTION_SENTINEL_015","option_sentinel","accept","success","success","kernel_success","coqchk_success","accepted_kernel_checked","338.7","397","logs/V64_ACCEPT_OPTION_SENTINEL_015.coqc.log","logs/V64_ACCEPT_BATCH.coqchk.log"
"V64_ACCEPT_OPTION_SENTINEL_016","option_sentinel","accept","success","success","kernel_success","coqchk_success","accepted_kernel_checked","336.9","397","logs/V64_ACCEPT_OPTION_SENTINEL_016.coqc.log","logs/V64_ACCEPT_BATCH.coqchk.log"
"V64_ACCEPT_OPTION_SENTINEL_017","option_sentinel","accept","success","success","kernel_success","coqchk_success","accepted_kernel_checked","406.9","397","logs/V64_ACCEPT_OPTION_SENTINEL_017.coqc.log","logs/V64_ACCEPT_BATCH.coqchk.log"
"V64_ACCEPT_OPTION_SENTINEL_018","option_sentinel","accept","success","success","kernel_success","coqchk_success","accepted_kernel_checked","366.1","397","logs/V64_ACCEPT_OPTION_SENTINEL_018.coqc.log","logs/V64_ACCEPT_BATCH.coqchk.log"
"V64_ACCEPT_OPTION_SENTINEL_019","option_sentinel","accept","success","success","kernel_success","coqchk_success","accepted_kernel_checked","319.6","397","logs/V64_ACCEPT_OPTION_SENTINEL_019.coqc.log","logs/V64_ACCEPT_BATCH.coqchk.log"
"V64_ACCEPT_OPTION_SENTINEL_020","option_sentinel","accept","success","success","kernel_success","coqchk_success","accepted_kernel_checked","330","397","logs/V64_ACCEPT_OPTION_SENTINEL_020.coqc.log","logs/V64_ACCEPT_BATCH.coqchk.log"
"V64_ACCEPT_OPTION_SENTINEL_021","option_sentinel","accept","success","success","kernel_success","coqchk_success","accepted_kernel_checked","309.5","397","logs/V64_ACCEPT_OPTION_SENTINEL_021.coqc.log","logs/V64_ACCEPT_BATCH.coqchk.log"
"V64_ACCEPT_OPTION_SENTINEL_022","option_sentinel","accept","success","success","kernel_success","coqchk_success","accepted_kernel_checked","327.4","397","logs/V64_ACCEPT_OPTION_SENTINEL_022.coqc.log","logs/V64_ACCEPT_BATCH.coqchk.log"
"V64_ACCEPT_OPTION_SENTINEL_023","option_sentinel","accept","success","success","kernel_success","coqchk_success","accepted_kernel_checked","304.9","397","logs/V64_ACCEPT_OPTION_SENTINEL_023.coqc.log","logs/V64_ACCEPT_BATCH.coqchk.log"
"V64_ACCEPT_OPTION_SENTINEL_024","option_sentinel","accept","success","success","kernel_success","coqchk_success","accepted_kernel_checked","366.6","397","logs/V64_ACCEPT_OPTION_SENTINEL_024.coqc.log","logs/V64_ACCEPT_BATCH.coqchk.log"
"V64_ACCEPT_OPTION_SENTINEL_025","option_sentinel","accept","success","success","kernel_success","coqchk_success","accepted_kernel_checked","328.3","397","logs/V64_ACCEPT_OPTION_SENTINEL_025.coqc.log","logs/V64_ACCEPT_BATCH.coqchk.log"
"V64_ACCEPT_OPTION_SENTINEL_026","option_sentinel","accept","success","success","kernel_success","coqchk_success","accepted_kernel_checked","358.5","397","logs/V64_ACCEPT_OPTION_SENTINEL_026.coqc.log","logs/V64_ACCEPT_BATCH.coqchk.log"
"V64_ACCEPT_OPTION_SENTINEL_027","option_sentinel","accept","success","success","kernel_success","coqchk_success","accepted_kernel_checked","365.5","397","logs/V64_ACCEPT_OPTION_SENTINEL_027.coqc.log","logs/V64_ACCEPT_BATCH.coqchk.log"
"V64_ACCEPT_OPTION_SENTINEL_028","option_sentinel","accept","success","success","kernel_success","coqchk_success","accepted_kernel_checked","373.9","397","logs/V64_ACCEPT_OPTION_SENTINEL_028.coqc.log","logs/V64_ACCEPT_BATCH.coqchk.log"
"V64_ACCEPT_OPTION_SENTINEL_029","option_sentinel","accept","success","success","kernel_success","coqchk_success","accepted_kernel_checked","376.3","397","logs/V64_ACCEPT_OPTION_SENTINEL_029.coqc.log","logs/V64_ACCEPT_BATCH.coqchk.log"
"V64_ACCEPT_OPTION_SENTINEL_030","option_sentinel","accept","success","success","kernel_success","coqchk_success","accepted_kernel_checked","328.5","397","logs/V64_ACCEPT_OPTION_SENTINEL_030.coqc.log","logs/V64_ACCEPT_BATCH.coqchk.log"
"V64_ACCEPT_OPTION_SENTINEL_031","option_sentinel","accept","success","success","kernel_success","coqchk_success","accepted_kernel_checked","367.8","397","logs/V64_ACCEPT_OPTION_SENTINEL_031.coqc.log","logs/V64_ACCEPT_BATCH.coqchk.log"
"V64_ACCEPT_OPTION_SENTINEL_032","option_sentinel","accept","success","success","kernel_success","coqchk_success","accepted_kernel_checked","351.7","397","logs/V64_ACCEPT_OPTION_SENTINEL_032.coqc.log","logs/V64_ACCEPT_BATCH.coqchk.log"
"V64_ACCEPT_OPTION_SENTINEL_033","option_sentinel","accept","success","success","kernel_success","coqchk_success","accepted_kernel_checked","327.9","397","logs/V64_ACCEPT_OPTION_SENTINEL_033.coqc.log","logs/V64_ACCEPT_BATCH.coqchk.log"
"V64_ACCEPT_OPTION_SENTINEL_034","option_sentinel","accept","success","success","kernel_success","coqchk_success","accepted_kernel_checked","351.6","397","logs/V64_ACCEPT_OPTION_SENTINEL_034.coqc.log","logs/V64_ACCEPT_BATCH.coqchk.log"
"V64_ACCEPT_OPTION_SENTINEL_035","option_sentinel","accept","success","success","kernel_success","coqchk_success","accepted_kernel_checked","353.2","397","logs/V64_ACCEPT_OPTION_SENTINEL_035.coqc.log","logs/V64_ACCEPT_BATCH.coqchk.log"
"V64_ACCEPT_OPTION_SENTINEL_036","option_sentinel","accept","success","success","kernel_success","coqchk_success","accepted_kernel_checked","339.5","397","logs/V64_ACCEPT_OPTION_SENTINEL_036.coqc.log","logs/V64_ACCEPT_BATCH.coqchk.log"
"V64_ACCEPT_OPTION_SENTINEL_037","option_sentinel","accept","success","success","kernel_success","coqchk_success","accepted_kernel_checked","336.1","397","logs/V64_ACCEPT_OPTION_SENTINEL_037.coqc.log","logs/V64_ACCEPT_BATCH.coqchk.log"
"V64_ACCEPT_OPTION_SENTINEL_038","option_sentinel","accept","success","success","kernel_success","coqchk_success","accepted_kernel_checked","338","397","logs/V64_ACCEPT_OPTION_SENTINEL_038.coqc.log","logs/V64_ACCEPT_BATCH.coqchk.log"
"V64_ACCEPT_OPTION_SENTINEL_039","option_sentinel","accept","success","success","kernel_success","coqchk_success","accepted_kernel_checked","349.1","397","logs/V64_ACCEPT_OPTION_SENTINEL_039.coqc.log","logs/V64_ACCEPT_BATCH.coqchk.log"
"V64_ACCEPT_OPTION_SENTINEL_040","option_sentinel","accept","success","success","kernel_success","coqchk_success","accepted_kernel_checked","364.2","397","logs/V64_ACCEPT_OPTION_SENTINEL_040.coqc.log","logs/V64_ACCEPT_BATCH.coqchk.log"
"V64_ACCEPT_OPTION_SENTINEL_041","option_sentinel","accept","success","success","kernel_success","coqchk_success","accepted_kernel_checked","406.6","397","logs/V64_ACCEPT_OPTION_SENTINEL_041.coqc.log","logs/V64_ACCEPT_BATCH.coqchk.log"
"V64_ACCEPT_OPTION_SENTINEL_042","option_sentinel","accept","success","success","kernel_success","coqchk_success","accepted_kernel_checked","352.3","397","logs/V64_ACCEPT_OPTION_SENTINEL_042.coqc.log","logs/V64_ACCEPT_BATCH.coqchk.log"
"V64_ACCEPT_OPTION_SENTINEL_043","option_sentinel","accept","success","success","kernel_success","coqchk_success","accepted_kernel_checked","342.9","397","logs/V64_ACCEPT_OPTION_SENTINEL_043.coqc.log","logs/V64_ACCEPT_BATCH.coqchk.log"
"V64_ACCEPT_OPTION_SENTINEL_044","option_sentinel","accept","success","success","kernel_success","coqchk_success","accepted_kernel_checked","362.2","397","logs/V64_ACCEPT_OPTION_SENTINEL_044.coqc.log","logs/V64_ACCEPT_BATCH.coqchk.log"
"V64_ACCEPT_OPTION_SENTINEL_045","option_sentinel","accept","success","success","kernel_success","coqchk_success","accepted_kernel_checked","324","397","logs/V64_ACCEPT_OPTION_SENTINEL_045.coqc.log","logs/V64_ACCEPT_BATCH.coqchk.log"
"V64_ACCEPT_OPTION_SENTINEL_046","option_sentinel","accept","success","success","kernel_success","coqchk_success","accepted_kernel_checked","333.3","397","logs/V64_ACCEPT_OPTION_SENTINEL_046.coqc.log","logs/V64_ACCEPT_BATCH.coqchk.log"
"V64_ACCEPT_OPTION_SENTINEL_047","option_sentinel","accept","success","success","kernel_success","coqchk_success","accepted_kernel_checked","336.8","397","logs/V64_ACCEPT_OPTION_SENTINEL_047.coqc.log","logs/V64_ACCEPT_BATCH.coqchk.log"
"V64_ACCEPT_OPTION_SENTINEL_048","option_sentinel","accept","success","success","kernel_success","coqchk_success","accepted_kernel_checked","326.1","397","logs/V64_ACCEPT_OPTION_SENTINEL_048.coqc.log","logs/V64_ACCEPT_BATCH.coqchk.log"
"V64_ACCEPT_OPTION_SENTINEL_049","option_sentinel","accept","success","success","kernel_success","coqchk_success","accepted_kernel_checked","331.3","397","logs/V64_ACCEPT_OPTION_SENTINEL_049.coqc.log","logs/V64_ACCEPT_BATCH.coqchk.log"
"V64_ACCEPT_OPTION_SENTINEL_050","option_sentinel","accept","success","success","kernel_success","coqchk_success","accepted_kernel_checked","313.9","397","logs/V64_ACCEPT_OPTION_SENTINEL_050.coqc.log","logs/V64_ACCEPT_BATCH.coqchk.log"
"V64_ACCEPT_OPTION_SENTINEL_051","option_sentinel","accept","success","success","kernel_success","coqchk_success","accepted_kernel_checked","313","397","logs/V64_ACCEPT_OPTION_SENTINEL_051.coqc.log","logs/V64_ACCEPT_BATCH.coqchk.log"
"V64_ACCEPT_OPTION_SENTINEL_052","option_sentinel","accept","success","success","kernel_success","coqchk_success","accepted_kernel_checked","295","397","logs/V64_ACCEPT_OPTION_SENTINEL_052.coqc.log","logs/V64_ACCEPT_BATCH.coqchk.log"
"V64_ACCEPT_OPTION_SENTINEL_053","option_sentinel","accept","success","success","kernel_success","coqchk_success","accepted_kernel_checked","269.9","397","logs/V64_ACCEPT_OPTION_SENTINEL_053.coqc.log","logs/V64_ACCEPT_BATCH.coqchk.log"
"V64_ACCEPT_OPTION_SENTINEL_054","option_sentinel","accept","success","success","kernel_success","coqchk_success","accepted_kernel_checked","293.1","397","logs/V64_ACCEPT_OPTION_SENTINEL_054.coqc.log","logs/V64_ACCEPT_BATCH.coqchk.log"
"V64_ACCEPT_OPTION_SENTINEL_055","option_sentinel","accept","success","success","kernel_success","coqchk_success","accepted_kernel_checked","284.1","397","logs/V64_ACCEPT_OPTION_SENTINEL_055.coqc.log","logs/V64_ACCEPT_BATCH.coqchk.log"
"V64_ACCEPT_OPTION_SENTINEL_056","option_sentinel","accept","success","success","kernel_success","coqchk_success","accepted_kernel_checked","312.2","397","logs/V64_ACCEPT_OPTION_SENTINEL_056.coqc.log","logs/V64_ACCEPT_BATCH.coqchk.log"
"V64_ACCEPT_OPTION_SENTINEL_057","option_sentinel","accept","success","success","kernel_success","coqchk_success","accepted_kernel_checked","278.7","397","logs/V64_ACCEPT_OPTION_SENTINEL_057.coqc.log","logs/V64_ACCEPT_BATCH.coqchk.log"
"V64_ACCEPT_OPTION_SENTINEL_058","option_sentinel","accept","success","success","kernel_success","coqchk_success","accepted_kernel_checked","311.2","397","logs/V64_ACCEPT_OPTION_SENTINEL_058.coqc.log","logs/V64_ACCEPT_BATCH.coqchk.log"
"V64_ACCEPT_OPTION_SENTINEL_059","option_sentinel","accept","success","success","kernel_success","coqchk_success","accepted_kernel_checked","307.7","397","logs/V64_ACCEPT_OPTION_SENTINEL_059.coqc.log","logs/V64_ACCEPT_BATCH.coqchk.log"
"V64_ACCEPT_OPTION_SENTINEL_060","option_sentinel","accept","success","success","kernel_success","coqchk_success","accepted_kernel_checked","338","397","logs/V64_ACCEPT_OPTION_SENTINEL_060.coqc.log","logs/V64_ACCEPT_BATCH.coqchk.log"
"V64_ACCEPT_LIST_SUM_001","list_sum","accept","success","success","kernel_success","coqchk_success","accepted_kernel_checked","1594.2","397","logs/V64_ACCEPT_LIST_SUM_001.coqc.log","logs/V64_ACCEPT_BATCH.coqchk.log"
"V64_ACCEPT_LIST_SUM_002","list_sum","accept","success","success","kernel_success","coqchk_success","accepted_kernel_checked","1330.4","397","logs/V64_ACCEPT_LIST_SUM_002.coqc.log","logs/V64_ACCEPT_BATCH.coqchk.log"
"V64_ACCEPT_LIST_SUM_003","list_sum","accept","success","success","kernel_success","coqchk_success","accepted_kernel_checked","1373.5","397","logs/V64_ACCEPT_LIST_SUM_003.coqc.log","logs/V64_ACCEPT_BATCH.coqchk.log"
"V64_ACCEPT_LIST_SUM_004","list_sum","accept","success","success","kernel_success","coqchk_success","accepted_kernel_checked","1415.4","397","logs/V64_ACCEPT_LIST_SUM_004.coqc.log","logs/V64_ACCEPT_BATCH.coqchk.log"
"V64_ACCEPT_LIST_SUM_005","list_sum","accept","success","success","kernel_success","coqchk_success","accepted_kernel_checked","1518.6","397","logs/V64_ACCEPT_LIST_SUM_005.coqc.log","logs/V64_ACCEPT_BATCH.coqchk.log"
"V64_ACCEPT_LIST_SUM_006","list_sum","accept","success","success","kernel_success","coqchk_success","accepted_kernel_checked","1548.6","397","logs/V64_ACCEPT_LIST_SUM_006.coqc.log","logs/V64_ACCEPT_BATCH.coqchk.log"
"V64_ACCEPT_LIST_SUM_007","list_sum","accept","success","success","kernel_success","coqchk_success","accepted_kernel_checked","1467.8","397","logs/V64_ACCEPT_LIST_SUM_007.coqc.log","logs/V64_ACCEPT_BATCH.coqchk.log"
"V64_ACCEPT_LIST_SUM_008","list_sum","accept","success","success","kernel_success","coqchk_success","accepted_kernel_checked","1366.1","397","logs/V64_ACCEPT_LIST_SUM_008.coqc.log","logs/V64_ACCEPT_BATCH.coqchk.log"
"V64_ACCEPT_LIST_SUM_009","list_sum","accept","success","success","kernel_success","coqchk_success","accepted_kernel_checked","1343.5","397","logs/V64_ACCEPT_LIST_SUM_009.coqc.log","logs/V64_ACCEPT_BATCH.coqchk.log"
"V64_ACCEPT_LIST_SUM_010","list_sum","accept","success","success","kernel_success","coqchk_success","accepted_kernel_checked","1191","397","logs/V64_ACCEPT_LIST_SUM_010.coqc.log","logs/V64_ACCEPT_BATCH.coqchk.log"
"V64_ACCEPT_LIST_SUM_011","list_sum","accept","success","success","kernel_success","coqchk_success","accepted_kernel_checked","1359.1","397","logs/V64_ACCEPT_LIST_SUM_011.coqc.log","logs/V64_ACCEPT_BATCH.coqchk.log"
"V64_ACCEPT_LIST_SUM_012","list_sum","accept","success","success","kernel_success","coqchk_success","accepted_kernel_checked","1421.6","397","logs/V64_ACCEPT_LIST_SUM_012.coqc.log","logs/V64_ACCEPT_BATCH.coqchk.log"
"V64_ACCEPT_LIST_SUM_013","list_sum","accept","success","success","kernel_success","coqchk_success","accepted_kernel_checked","1373.3","397","logs/V64_ACCEPT_LIST_SUM_013.coqc.log","logs/V64_ACCEPT_BATCH.coqchk.log"
"V64_ACCEPT_LIST_SUM_014","list_sum","accept","success","success","kernel_success","coqchk_success","accepted_kernel_checked","1344.1","397","logs/V64_ACCEPT_LIST_SUM_014.coqc.log","logs/V64_ACCEPT_BATCH.coqchk.log"
"V64_ACCEPT_LIST_SUM_015","list_sum","accept","success","success","kernel_success","coqchk_success","accepted_kernel_checked","1467.6","397","logs/V64_ACCEPT_LIST_SUM_015.coqc.log","logs/V64_ACCEPT_BATCH.coqchk.log"
"V64_ACCEPT_LIST_SUM_016","list_sum","accept","success","success","kernel_success","coqchk_success","accepted_kernel_checked","1418.6","397","logs/V64_ACCEPT_LIST_SUM_016.coqc.log","logs/V64_ACCEPT_BATCH.coqchk.log"
"V64_ACCEPT_LIST_SUM_017","list_sum","accept","success","success","kernel_success","coqchk_success","accepted_kernel_checked","1503.5","397","logs/V64_ACCEPT_LIST_SUM_017.coqc.log","logs/V64_ACCEPT_BATCH.coqchk.log"
"V64_ACCEPT_LIST_SUM_018","list_sum","accept","success","success","kernel_success","coqchk_success","accepted_kernel_checked","1477.1","397","logs/V64_ACCEPT_LIST_SUM_018.coqc.log","logs/V64_ACCEPT_BATCH.coqchk.log"
"V64_ACCEPT_LIST_SUM_019","list_sum","accept","success","success","kernel_success","coqchk_success","accepted_kernel_checked","1319.6","397","logs/V64_ACCEPT_LIST_SUM_019.coqc.log","logs/V64_ACCEPT_BATCH.coqchk.log"
"V64_ACCEPT_LIST_SUM_020","list_sum","accept","success","success","kernel_success","coqchk_success","accepted_kernel_checked","1429.4","397","logs/V64_ACCEPT_LIST_SUM_020.coqc.log","logs/V64_ACCEPT_BATCH.coqchk.log"
"V64_ACCEPT_LIST_SUM_021","list_sum","accept","success","success","kernel_success","coqchk_success","accepted_kernel_checked","1360.9","397","logs/V64_ACCEPT_LIST_SUM_021.coqc.log","logs/V64_ACCEPT_BATCH.coqchk.log"
"V64_ACCEPT_LIST_SUM_022","list_sum","accept","success","success","kernel_success","coqchk_success","accepted_kernel_checked","1344.9","397","logs/V64_ACCEPT_LIST_SUM_022.coqc.log","logs/V64_ACCEPT_BATCH.coqchk.log"
"V64_ACCEPT_LIST_SUM_023","list_sum","accept","success","success","kernel_success","coqchk_success","accepted_kernel_checked","1329.7","397","logs/V64_ACCEPT_LIST_SUM_023.coqc.log","logs/V64_ACCEPT_BATCH.coqchk.log"
"V64_ACCEPT_LIST_SUM_024","list_sum","accept","success","success","kernel_success","coqchk_success","accepted_kernel_checked","1303.8","397","logs/V64_ACCEPT_LIST_SUM_024.coqc.log","logs/V64_ACCEPT_BATCH.coqchk.log"
"V64_ACCEPT_LIST_SUM_025","list_sum","accept","success","success","kernel_success","coqchk_success","accepted_kernel_checked","1492.9","397","logs/V64_ACCEPT_LIST_SUM_025.coqc.log","logs/V64_ACCEPT_BATCH.coqchk.log"
"V64_ACCEPT_LIST_SUM_026","list_sum","accept","success","success","kernel_success","coqchk_success","accepted_kernel_checked","1365.1","397","logs/V64_ACCEPT_LIST_SUM_026.coqc.log","logs/V64_ACCEPT_BATCH.coqchk.log"
"V64_ACCEPT_LIST_SUM_027","list_sum","accept","success","success","kernel_success","coqchk_success","accepted_kernel_checked","1509.7","397","logs/V64_ACCEPT_LIST_SUM_027.coqc.log","logs/V64_ACCEPT_BATCH.coqchk.log"
"V64_ACCEPT_LIST_SUM_028","list_sum","accept","success","success","kernel_success","coqchk_success","accepted_kernel_checked","1236.9","397","logs/V64_ACCEPT_LIST_SUM_028.coqc.log","logs/V64_ACCEPT_BATCH.coqchk.log"
"V64_ACCEPT_LIST_SUM_029","list_sum","accept","success","success","kernel_success","coqchk_success","accepted_kernel_checked","1192.8","397","logs/V64_ACCEPT_LIST_SUM_029.coqc.log","logs/V64_ACCEPT_BATCH.coqchk.log"
"V64_ACCEPT_LIST_SUM_030","list_sum","accept","success","success","kernel_success","coqchk_success","accepted_kernel_checked","1148.4","397","logs/V64_ACCEPT_LIST_SUM_030.coqc.log","logs/V64_ACCEPT_BATCH.coqchk.log"
"V64_ACCEPT_LIST_SUM_031","list_sum","accept","success","success","kernel_success","coqchk_success","accepted_kernel_checked","1296.5","397","logs/V64_ACCEPT_LIST_SUM_031.coqc.log","logs/V64_ACCEPT_BATCH.coqchk.log"
"V64_ACCEPT_LIST_SUM_032","list_sum","accept","success","success","kernel_success","coqchk_success","accepted_kernel_checked","1124.8","397","logs/V64_ACCEPT_LIST_SUM_032.coqc.log","logs/V64_ACCEPT_BATCH.coqchk.log"
"V64_ACCEPT_LIST_SUM_033","list_sum","accept","success","success","kernel_success","coqchk_success","accepted_kernel_checked","1406.3","397","logs/V64_ACCEPT_LIST_SUM_033.coqc.log","logs/V64_ACCEPT_BATCH.coqchk.log"
"V64_ACCEPT_LIST_SUM_034","list_sum","accept","success","success","kernel_success","coqchk_success","accepted_kernel_checked","1346.5","397","logs/V64_ACCEPT_LIST_SUM_034.coqc.log","logs/V64_ACCEPT_BATCH.coqchk.log"
"V64_ACCEPT_LIST_SUM_035","list_sum","accept","success","success","kernel_success","coqchk_success","accepted_kernel_checked","1242.7","397","logs/V64_ACCEPT_LIST_SUM_035.coqc.log","logs/V64_ACCEPT_BATCH.coqchk.log"
"V64_ACCEPT_LIST_SUM_036","list_sum","accept","success","success","kernel_success","coqchk_success","accepted_kernel_checked","1364.5","397","logs/V64_ACCEPT_LIST_SUM_036.coqc.log","logs/V64_ACCEPT_BATCH.coqchk.log"
"V64_ACCEPT_LIST_SUM_037","list_sum","accept","success","success","kernel_success","coqchk_success","accepted_kernel_checked","1380.7","397","logs/V64_ACCEPT_LIST_SUM_037.coqc.log","logs/V64_ACCEPT_BATCH.coqchk.log"
"V64_ACCEPT_LIST_SUM_038","list_sum","accept","success","success","kernel_success","coqchk_success","accepted_kernel_checked","1673","397","logs/V64_ACCEPT_LIST_SUM_038.coqc.log","logs/V64_ACCEPT_BATCH.coqchk.log"
"V64_ACCEPT_LIST_SUM_039","list_sum","accept","success","success","kernel_success","coqchk_success","accepted_kernel_checked","1558.7","397","logs/V64_ACCEPT_LIST_SUM_039.coqc.log","logs/V64_ACCEPT_BATCH.coqchk.log"
"V64_ACCEPT_LIST_SUM_040","list_sum","accept","success","success","kernel_success","coqchk_success","accepted_kernel_checked","1527.1","397","logs/V64_ACCEPT_LIST_SUM_040.coqc.log","logs/V64_ACCEPT_BATCH.coqchk.log"
"V64_ACCEPT_LIST_SUM_041","list_sum","accept","success","success","kernel_success","coqchk_success","accepted_kernel_checked","1545.1","397","logs/V64_ACCEPT_LIST_SUM_041.coqc.log","logs/V64_ACCEPT_BATCH.coqchk.log"
"V64_ACCEPT_LIST_SUM_042","list_sum","accept","success","success","kernel_success","coqchk_success","accepted_kernel_checked","1556.9","397","logs/V64_ACCEPT_LIST_SUM_042.coqc.log","logs/V64_ACCEPT_BATCH.coqchk.log"
"V64_ACCEPT_LIST_SUM_043","list_sum","accept","success","success","kernel_success","coqchk_success","accepted_kernel_checked","1290.3","397","logs/V64_ACCEPT_LIST_SUM_043.coqc.log","logs/V64_ACCEPT_BATCH.coqchk.log"
"V64_ACCEPT_LIST_SUM_044","list_sum","accept","success","success","kernel_success","coqchk_success","accepted_kernel_checked","1502.4","397","logs/V64_ACCEPT_LIST_SUM_044.coqc.log","logs/V64_ACCEPT_BATCH.coqchk.log"
"V64_ACCEPT_LIST_SUM_045","list_sum","accept","success","success","kernel_success","coqchk_success","accepted_kernel_checked","1354.6","397","logs/V64_ACCEPT_LIST_SUM_045.coqc.log","logs/V64_ACCEPT_BATCH.coqchk.log"
"V64_ACCEPT_LIST_SUM_046","list_sum","accept","success","success","kernel_success","coqchk_success","accepted_kernel_checked","1359.4","397","logs/V64_ACCEPT_LIST_SUM_046.coqc.log","logs/V64_ACCEPT_BATCH.coqchk.log"
"V64_ACCEPT_LIST_SUM_047","list_sum","accept","success","success","kernel_success","coqchk_success","accepted_kernel_checked","1360.1","397","logs/V64_ACCEPT_LIST_SUM_047.coqc.log","logs/V64_ACCEPT_BATCH.coqchk.log"
"V64_ACCEPT_LIST_SUM_048","list_sum","accept","success","success","kernel_success","coqchk_success","accepted_kernel_checked","1367.6","397","logs/V64_ACCEPT_LIST_SUM_048.coqc.log","logs/V64_ACCEPT_BATCH.coqchk.log"
"V64_ACCEPT_LIST_SUM_049","list_sum","accept","success","success","kernel_success","coqchk_success","accepted_kernel_checked","1478.3","397","logs/V64_ACCEPT_LIST_SUM_049.coqc.log","logs/V64_ACCEPT_BATCH.coqchk.log"
"V64_ACCEPT_LIST_SUM_050","list_sum","accept","success","success","kernel_success","coqchk_success","accepted_kernel_checked","1455.2","397","logs/V64_ACCEPT_LIST_SUM_050.coqc.log","logs/V64_ACCEPT_BATCH.coqchk.log"
"V64_ACCEPT_LIST_SUM_051","list_sum","accept","success","success","kernel_success","coqchk_success","accepted_kernel_checked","1588","397","logs/V64_ACCEPT_LIST_SUM_051.coqc.log","logs/V64_ACCEPT_BATCH.coqchk.log"
"V64_ACCEPT_LIST_SUM_052","list_sum","accept","success","success","kernel_success","coqchk_success","accepted_kernel_checked","1395.2","397","logs/V64_ACCEPT_LIST_SUM_052.coqc.log","logs/V64_ACCEPT_BATCH.coqchk.log"
"V64_ACCEPT_LIST_SUM_053","list_sum","accept","success","success","kernel_success","coqchk_success","accepted_kernel_checked","1287.9","397","logs/V64_ACCEPT_LIST_SUM_053.coqc.log","logs/V64_ACCEPT_BATCH.coqchk.log"
"V64_ACCEPT_LIST_SUM_054","list_sum","accept","success","success","kernel_success","coqchk_success","accepted_kernel_checked","1289.3","397","logs/V64_ACCEPT_LIST_SUM_054.coqc.log","logs/V64_ACCEPT_BATCH.coqchk.log"
"V64_ACCEPT_LIST_SUM_055","list_sum","accept","success","success","kernel_success","coqchk_success","accepted_kernel_checked","1190.2","397","logs/V64_ACCEPT_LIST_SUM_055.coqc.log","logs/V64_ACCEPT_BATCH.coqchk.log"
"V64_ACCEPT_LIST_SUM_056","list_sum","accept","success","success","kernel_success","coqchk_success","accepted_kernel_checked","1230","397","logs/V64_ACCEPT_LIST_SUM_056.coqc.log","logs/V64_ACCEPT_BATCH.coqchk.log"
"V64_ACCEPT_LIST_SUM_057","list_sum","accept","success","success","kernel_success","coqchk_success","accepted_kernel_checked","1303.3","397","logs/V64_ACCEPT_LIST_SUM_057.coqc.log","logs/V64_ACCEPT_BATCH.coqchk.log"
"V64_ACCEPT_LIST_SUM_058","list_sum","accept","success","success","kernel_success","coqchk_success","accepted_kernel_checked","1451","397","logs/V64_ACCEPT_LIST_SUM_058.coqc.log","logs/V64_ACCEPT_BATCH.coqchk.log"
"V64_ACCEPT_LIST_SUM_059","list_sum","accept","success","success","kernel_success","coqchk_success","accepted_kernel_checked","1445.1","397","logs/V64_ACCEPT_LIST_SUM_059.coqc.log","logs/V64_ACCEPT_BATCH.coqchk.log"
"V64_ACCEPT_LIST_SUM_060","list_sum","accept","success","success","kernel_success","coqchk_success","accepted_kernel_checked","1504.4","397","logs/V64_ACCEPT_LIST_SUM_060.coqc.log","logs/V64_ACCEPT_BATCH.coqchk.log"
"V64_ACCEPT_TREE_MIRROR_001","tree_mirror","accept","success","success","kernel_success","coqchk_success","accepted_kernel_checked","517.3","397","logs/V64_ACCEPT_TREE_MIRROR_001.coqc.log","logs/V64_ACCEPT_BATCH.coqchk.log"
"V64_ACCEPT_TREE_MIRROR_002","tree_mirror","accept","success","success","kernel_success","coqchk_success","accepted_kernel_checked","482.7","397","logs/V64_ACCEPT_TREE_MIRROR_002.coqc.log","logs/V64_ACCEPT_BATCH.coqchk.log"
"V64_ACCEPT_TREE_MIRROR_003","tree_mirror","accept","success","success","kernel_success","coqchk_success","accepted_kernel_checked","525.3","397","logs/V64_ACCEPT_TREE_MIRROR_003.coqc.log","logs/V64_ACCEPT_BATCH.coqchk.log"
"V64_ACCEPT_TREE_MIRROR_004","tree_mirror","accept","success","success","kernel_success","coqchk_success","accepted_kernel_checked","532.2","397","logs/V64_ACCEPT_TREE_MIRROR_004.coqc.log","logs/V64_ACCEPT_BATCH.coqchk.log"
"V64_ACCEPT_TREE_MIRROR_005","tree_mirror","accept","success","success","kernel_success","coqchk_success","accepted_kernel_checked","434.2","397","logs/V64_ACCEPT_TREE_MIRROR_005.coqc.log","logs/V64_ACCEPT_BATCH.coqchk.log"
"V64_ACCEPT_TREE_MIRROR_006","tree_mirror","accept","success","success","kernel_success","coqchk_success","accepted_kernel_checked","456.4","397","logs/V64_ACCEPT_TREE_MIRROR_006.coqc.log","logs/V64_ACCEPT_BATCH.coqchk.log"
"V64_ACCEPT_TREE_MIRROR_007","tree_mirror","accept","success","success","kernel_success","coqchk_success","accepted_kernel_checked","489.8","397","logs/V64_ACCEPT_TREE_MIRROR_007.coqc.log","logs/V64_ACCEPT_BATCH.coqchk.log"
"V64_ACCEPT_TREE_MIRROR_008","tree_mirror","accept","success","success","kernel_success","coqchk_success","accepted_kernel_checked","447.5","397","logs/V64_ACCEPT_TREE_MIRROR_008.coqc.log","logs/V64_ACCEPT_BATCH.coqchk.log"
"V64_ACCEPT_TREE_MIRROR_009","tree_mirror","accept","success","success","kernel_success","coqchk_success","accepted_kernel_checked","414.3","397","logs/V64_ACCEPT_TREE_MIRROR_009.coqc.log","logs/V64_ACCEPT_BATCH.coqchk.log"
"V64_ACCEPT_TREE_MIRROR_010","tree_mirror","accept","success","success","kernel_success","coqchk_success","accepted_kernel_checked","444.2","397","logs/V64_ACCEPT_TREE_MIRROR_010.coqc.log","logs/V64_ACCEPT_BATCH.coqchk.log"
"V64_ACCEPT_TREE_MIRROR_011","tree_mirror","accept","success","success","kernel_success","coqchk_success","accepted_kernel_checked","419","397","logs/V64_ACCEPT_TREE_MIRROR_011.coqc.log","logs/V64_ACCEPT_BATCH.coqchk.log"
"V64_ACCEPT_TREE_MIRROR_012","tree_mirror","accept","success","success","kernel_success","coqchk_success","accepted_kernel_checked","434.4","397","logs/V64_ACCEPT_TREE_MIRROR_012.coqc.log","logs/V64_ACCEPT_BATCH.coqchk.log"
"V64_ACCEPT_TREE_MIRROR_013","tree_mirror","accept","success","success","kernel_success","coqchk_success","accepted_kernel_checked","431.4","397","logs/V64_ACCEPT_TREE_MIRROR_013.coqc.log","logs/V64_ACCEPT_BATCH.coqchk.log"
"V64_ACCEPT_TREE_MIRROR_014","tree_mirror","accept","success","success","kernel_success","coqchk_success","accepted_kernel_checked","479.9","397","logs/V64_ACCEPT_TREE_MIRROR_014.coqc.log","logs/V64_ACCEPT_BATCH.coqchk.log"
"V64_ACCEPT_TREE_MIRROR_015","tree_mirror","accept","success","success","kernel_success","coqchk_success","accepted_kernel_checked","498.1","397","logs/V64_ACCEPT_TREE_MIRROR_015.coqc.log","logs/V64_ACCEPT_BATCH.coqchk.log"
"V64_ACCEPT_TREE_MIRROR_016","tree_mirror","accept","success","success","kernel_success","coqchk_success","accepted_kernel_checked","425.9","397","logs/V64_ACCEPT_TREE_MIRROR_016.coqc.log","logs/V64_ACCEPT_BATCH.coqchk.log"
"V64_ACCEPT_TREE_MIRROR_017","tree_mirror","accept","success","success","kernel_success","coqchk_success","accepted_kernel_checked","384.8","397","logs/V64_ACCEPT_TREE_MIRROR_017.coqc.log","logs/V64_ACCEPT_BATCH.coqchk.log"
"V64_ACCEPT_TREE_MIRROR_018","tree_mirror","accept","success","success","kernel_success","coqchk_success","accepted_kernel_checked","380.1","397","logs/V64_ACCEPT_TREE_MIRROR_018.coqc.log","logs/V64_ACCEPT_BATCH.coqchk.log"
"V64_ACCEPT_TREE_MIRROR_019","tree_mirror","accept","success","success","kernel_success","coqchk_success","accepted_kernel_checked","410.8","397","logs/V64_ACCEPT_TREE_MIRROR_019.coqc.log","logs/V64_ACCEPT_BATCH.coqchk.log"
"V64_ACCEPT_TREE_MIRROR_020","tree_mirror","accept","success","success","kernel_success","coqchk_success","accepted_kernel_checked","415.2","397","logs/V64_ACCEPT_TREE_MIRROR_020.coqc.log","logs/V64_ACCEPT_BATCH.coqchk.log"
"V64_ACCEPT_TREE_MIRROR_021","tree_mirror","accept","success","success","kernel_success","coqchk_success","accepted_kernel_checked","429.9","397","logs/V64_ACCEPT_TREE_MIRROR_021.coqc.log","logs/V64_ACCEPT_BATCH.coqchk.log"
"V64_ACCEPT_TREE_MIRROR_022","tree_mirror","accept","success","success","kernel_success","coqchk_success","accepted_kernel_checked","479.7","397","logs/V64_ACCEPT_TREE_MIRROR_022.coqc.log","logs/V64_ACCEPT_BATCH.coqchk.log"
"V64_ACCEPT_TREE_MIRROR_023","tree_mirror","accept","success","success","kernel_success","coqchk_success","accepted_kernel_checked","481.4","397","logs/V64_ACCEPT_TREE_MIRROR_023.coqc.log","logs/V64_ACCEPT_BATCH.coqchk.log"
"V64_ACCEPT_TREE_MIRROR_024","tree_mirror","accept","success","success","kernel_success","coqchk_success","accepted_kernel_checked","449.8","397","logs/V64_ACCEPT_TREE_MIRROR_024.coqc.log","logs/V64_ACCEPT_BATCH.coqchk.log"
"V64_ACCEPT_TREE_MIRROR_025","tree_mirror","accept","success","success","kernel_success","coqchk_success","accepted_kernel_checked","435.8","397","logs/V64_ACCEPT_TREE_MIRROR_025.coqc.log","logs/V64_ACCEPT_BATCH.coqchk.log"
"V64_ACCEPT_TREE_MIRROR_026","tree_mirror","accept","success","success","kernel_success","coqchk_success","accepted_kernel_checked","461.3","397","logs/V64_ACCEPT_TREE_MIRROR_026.coqc.log","logs/V64_ACCEPT_BATCH.coqchk.log"
"V64_ACCEPT_TREE_MIRROR_027","tree_mirror","accept","success","success","kernel_success","coqchk_success","accepted_kernel_checked","492.2","397","logs/V64_ACCEPT_TREE_MIRROR_027.coqc.log","logs/V64_ACCEPT_BATCH.coqchk.log"
"V64_ACCEPT_TREE_MIRROR_028","tree_mirror","accept","success","success","kernel_success","coqchk_success","accepted_kernel_checked","460","397","logs/V64_ACCEPT_TREE_MIRROR_028.coqc.log","logs/V64_ACCEPT_BATCH.coqchk.log"
"V64_ACCEPT_TREE_MIRROR_029","tree_mirror","accept","success","success","kernel_success","coqchk_success","accepted_kernel_checked","452.2","397","logs/V64_ACCEPT_TREE_MIRROR_029.coqc.log","logs/V64_ACCEPT_BATCH.coqchk.log"
"V64_ACCEPT_TREE_MIRROR_030","tree_mirror","accept","success","success","kernel_success","coqchk_success","accepted_kernel_checked","511.3","397","logs/V64_ACCEPT_TREE_MIRROR_030.coqc.log","logs/V64_ACCEPT_BATCH.coqchk.log"
"V64_ACCEPT_TREE_MIRROR_031","tree_mirror","accept","success","success","kernel_success","coqchk_success","accepted_kernel_checked","444.7","397","logs/V64_ACCEPT_TREE_MIRROR_031.coqc.log","logs/V64_ACCEPT_BATCH.coqchk.log"
"V64_ACCEPT_TREE_MIRROR_032","tree_mirror","accept","success","success","kernel_success","coqchk_success","accepted_kernel_checked","471.5","397","logs/V64_ACCEPT_TREE_MIRROR_032.coqc.log","logs/V64_ACCEPT_BATCH.coqchk.log"
"V64_ACCEPT_TREE_MIRROR_033","tree_mirror","accept","success","success","kernel_success","coqchk_success","accepted_kernel_checked","451.8","397","logs/V64_ACCEPT_TREE_MIRROR_033.coqc.log","logs/V64_ACCEPT_BATCH.coqchk.log"
"V64_ACCEPT_TREE_MIRROR_034","tree_mirror","accept","success","success","kernel_success","coqchk_success","accepted_kernel_checked","461.5","397","logs/V64_ACCEPT_TREE_MIRROR_034.coqc.log","logs/V64_ACCEPT_BATCH.coqchk.log"
"V64_ACCEPT_TREE_MIRROR_035","tree_mirror","accept","success","success","kernel_success","coqchk_success","accepted_kernel_checked","451.8","397","logs/V64_ACCEPT_TREE_MIRROR_035.coqc.log","logs/V64_ACCEPT_BATCH.coqchk.log"
"V64_ACCEPT_TREE_MIRROR_036","tree_mirror","accept","success","success","kernel_success","coqchk_success","accepted_kernel_checked","475.4","397","logs/V64_ACCEPT_TREE_MIRROR_036.coqc.log","logs/V64_ACCEPT_BATCH.coqchk.log"
"V64_ACCEPT_TREE_MIRROR_037","tree_mirror","accept","success","success","kernel_success","coqchk_success","accepted_kernel_checked","491.2","397","logs/V64_ACCEPT_TREE_MIRROR_037.coqc.log","logs/V64_ACCEPT_BATCH.coqchk.log"
"V64_ACCEPT_TREE_MIRROR_038","tree_mirror","accept","success","success","kernel_success","coqchk_success","accepted_kernel_checked","555.3","397","logs/V64_ACCEPT_TREE_MIRROR_038.coqc.log","logs/V64_ACCEPT_BATCH.coqchk.log"
"V64_ACCEPT_TREE_MIRROR_039","tree_mirror","accept","success","success","kernel_success","coqchk_success","accepted_kernel_checked","499.1","397","logs/V64_ACCEPT_TREE_MIRROR_039.coqc.log","logs/V64_ACCEPT_BATCH.coqchk.log"
"V64_ACCEPT_TREE_MIRROR_040","tree_mirror","accept","success","success","kernel_success","coqchk_success","accepted_kernel_checked","459.7","397","logs/V64_ACCEPT_TREE_MIRROR_040.coqc.log","logs/V64_ACCEPT_BATCH.coqchk.log"
"V64_ACCEPT_TREE_MIRROR_041","tree_mirror","accept","success","success","kernel_success","coqchk_success","accepted_kernel_checked","454.4","397","logs/V64_ACCEPT_TREE_MIRROR_041.coqc.log","logs/V64_ACCEPT_BATCH.coqchk.log"
"V64_ACCEPT_TREE_MIRROR_042","tree_mirror","accept","success","success","kernel_success","coqchk_success","accepted_kernel_checked","414.7","397","logs/V64_ACCEPT_TREE_MIRROR_042.coqc.log","logs/V64_ACCEPT_BATCH.coqchk.log"
"V64_ACCEPT_TREE_MIRROR_043","tree_mirror","accept","success","success","kernel_success","coqchk_success","accepted_kernel_checked","469.9","397","logs/V64_ACCEPT_TREE_MIRROR_043.coqc.log","logs/V64_ACCEPT_BATCH.coqchk.log"
"V64_ACCEPT_TREE_MIRROR_044","tree_mirror","accept","success","success","kernel_success","coqchk_success","accepted_kernel_checked","474.2","397","logs/V64_ACCEPT_TREE_MIRROR_044.coqc.log","logs/V64_ACCEPT_BATCH.coqchk.log"
"V64_ACCEPT_TREE_MIRROR_045","tree_mirror","accept","success","success","kernel_success","coqchk_success","accepted_kernel_checked","506.7","397","logs/V64_ACCEPT_TREE_MIRROR_045.coqc.log","logs/V64_ACCEPT_BATCH.coqchk.log"
"V64_ACCEPT_TREE_MIRROR_046","tree_mirror","accept","success","success","kernel_success","coqchk_success","accepted_kernel_checked","531.3","397","logs/V64_ACCEPT_TREE_MIRROR_046.coqc.log","logs/V64_ACCEPT_BATCH.coqchk.log"
"V64_ACCEPT_TREE_MIRROR_047","tree_mirror","accept","success","success","kernel_success","coqchk_success","accepted_kernel_checked","523.3","397","logs/V64_ACCEPT_TREE_MIRROR_047.coqc.log","logs/V64_ACCEPT_BATCH.coqchk.log"
"V64_ACCEPT_TREE_MIRROR_048","tree_mirror","accept","success","success","kernel_success","coqchk_success","accepted_kernel_checked","438.9","397","logs/V64_ACCEPT_TREE_MIRROR_048.coqc.log","logs/V64_ACCEPT_BATCH.coqchk.log"
"V64_ACCEPT_TREE_MIRROR_049","tree_mirror","accept","success","success","kernel_success","coqchk_success","accepted_kernel_checked","484.4","397","logs/V64_ACCEPT_TREE_MIRROR_049.coqc.log","logs/V64_ACCEPT_BATCH.coqchk.log"
"V64_ACCEPT_TREE_MIRROR_050","tree_mirror","accept","success","success","kernel_success","coqchk_success","accepted_kernel_checked","460.7","397","logs/V64_ACCEPT_TREE_MIRROR_050.coqc.log","logs/V64_ACCEPT_BATCH.coqchk.log"
"V64_ACCEPT_TREE_MIRROR_051","tree_mirror","accept","success","success","kernel_success","coqchk_success","accepted_kernel_checked","433.8","397","logs/V64_ACCEPT_TREE_MIRROR_051.coqc.log","logs/V64_ACCEPT_BATCH.coqchk.log"
"V64_ACCEPT_TREE_MIRROR_052","tree_mirror","accept","success","success","kernel_success","coqchk_success","accepted_kernel_checked","421.1","397","logs/V64_ACCEPT_TREE_MIRROR_052.coqc.log","logs/V64_ACCEPT_BATCH.coqchk.log"
"V64_ACCEPT_TREE_MIRROR_053","tree_mirror","accept","success","success","kernel_success","coqchk_success","accepted_kernel_checked","422.7","397","logs/V64_ACCEPT_TREE_MIRROR_053.coqc.log","logs/V64_ACCEPT_BATCH.coqchk.log"
"V64_ACCEPT_TREE_MIRROR_054","tree_mirror","accept","success","success","kernel_success","coqchk_success","accepted_kernel_checked","482.8","397","logs/V64_ACCEPT_TREE_MIRROR_054.coqc.log","logs/V64_ACCEPT_BATCH.coqchk.log"
"V64_ACCEPT_TREE_MIRROR_055","tree_mirror","accept","success","success","kernel_success","coqchk_success","accepted_kernel_checked","571.2","397","logs/V64_ACCEPT_TREE_MIRROR_055.coqc.log","logs/V64_ACCEPT_BATCH.coqchk.log"
"V64_ACCEPT_TREE_MIRROR_056","tree_mirror","accept","success","success","kernel_success","coqchk_success","accepted_kernel_checked","462.1","397","logs/V64_ACCEPT_TREE_MIRROR_056.coqc.log","logs/V64_ACCEPT_BATCH.coqchk.log"
"V64_ACCEPT_TREE_MIRROR_057","tree_mirror","accept","success","success","kernel_success","coqchk_success","accepted_kernel_checked","506","397","logs/V64_ACCEPT_TREE_MIRROR_057.coqc.log","logs/V64_ACCEPT_BATCH.coqchk.log"
"V64_ACCEPT_TREE_MIRROR_058","tree_mirror","accept","success","success","kernel_success","coqchk_success","accepted_kernel_checked","486.5","397","logs/V64_ACCEPT_TREE_MIRROR_058.coqc.log","logs/V64_ACCEPT_BATCH.coqchk.log"
"V64_ACCEPT_TREE_MIRROR_059","tree_mirror","accept","success","success","kernel_success","coqchk_success","accepted_kernel_checked","481.8","397","logs/V64_ACCEPT_TREE_MIRROR_059.coqc.log","logs/V64_ACCEPT_BATCH.coqchk.log"
"V64_ACCEPT_TREE_MIRROR_060","tree_mirror","accept","success","success","kernel_success","coqchk_success","accepted_kernel_checked","583.5","397","logs/V64_ACCEPT_TREE_MIRROR_060.coqc.log","logs/V64_ACCEPT_BATCH.coqchk.log"
"V64_REJECT_WRONG_ROUNDTRIP_001","wrong_roundtrip","safe_reject","failure","failure","kernel_failure","not_run","safe_reject_compile_blocked","376.4","0","logs/V64_REJECT_WRONG_ROUNDTRIP_001.coqc.log",""
"V64_REJECT_WRONG_ROUNDTRIP_002","wrong_roundtrip","safe_reject","failure","failure","kernel_failure","not_run","safe_reject_compile_blocked","353.9","0","logs/V64_REJECT_WRONG_ROUNDTRIP_002.coqc.log",""
"V64_REJECT_WRONG_ROUNDTRIP_003","wrong_roundtrip","safe_reject","failure","failure","kernel_failure","not_run","safe_reject_compile_blocked","314.6","0","logs/V64_REJECT_WRONG_ROUNDTRIP_003.coqc.log",""
"V64_REJECT_WRONG_ROUNDTRIP_004","wrong_roundtrip","safe_reject","failure","failure","kernel_failure","not_run","safe_reject_compile_blocked","288.6","0","logs/V64_REJECT_WRONG_ROUNDTRIP_004.coqc.log",""
"V64_REJECT_WRONG_ROUNDTRIP_005","wrong_roundtrip","safe_reject","failure","failure","kernel_failure","not_run","safe_reject_compile_blocked","308.7","0","logs/V64_REJECT_WRONG_ROUNDTRIP_005.coqc.log",""
"V64_REJECT_WRONG_ROUNDTRIP_006","wrong_roundtrip","safe_reject","failure","failure","kernel_failure","not_run","safe_reject_compile_blocked","284.2","0","logs/V64_REJECT_WRONG_ROUNDTRIP_006.coqc.log",""
"V64_REJECT_WRONG_ROUNDTRIP_007","wrong_roundtrip","safe_reject","failure","failure","kernel_failure","not_run","safe_reject_compile_blocked","280.2","0","logs/V64_REJECT_WRONG_ROUNDTRIP_007.coqc.log",""
"V64_REJECT_WRONG_ROUNDTRIP_008","wrong_roundtrip","safe_reject","failure","failure","kernel_failure","not_run","safe_reject_compile_blocked","268.3","0","logs/V64_REJECT_WRONG_ROUNDTRIP_008.coqc.log",""
"V64_REJECT_WRONG_ROUNDTRIP_009","wrong_roundtrip","safe_reject","failure","failure","kernel_failure","not_run","safe_reject_compile_blocked","329.2","0","logs/V64_REJECT_WRONG_ROUNDTRIP_009.coqc.log",""
"V64_REJECT_WRONG_ROUNDTRIP_010","wrong_roundtrip","safe_reject","failure","failure","kernel_failure","not_run","safe_reject_compile_blocked","313.5","0","logs/V64_REJECT_WRONG_ROUNDTRIP_010.coqc.log",""
"V64_REJECT_WRONG_ROUNDTRIP_011","wrong_roundtrip","safe_reject","failure","failure","kernel_failure","not_run","safe_reject_compile_blocked","332.7","0","logs/V64_REJECT_WRONG_ROUNDTRIP_011.coqc.log",""
"V64_REJECT_WRONG_ROUNDTRIP_012","wrong_roundtrip","safe_reject","failure","failure","kernel_failure","not_run","safe_reject_compile_blocked","335.5","0","logs/V64_REJECT_WRONG_ROUNDTRIP_012.coqc.log",""
"V64_REJECT_WRONG_ROUNDTRIP_013","wrong_roundtrip","safe_reject","failure","failure","kernel_failure","not_run","safe_reject_compile_blocked","341.1","0","logs/V64_REJECT_WRONG_ROUNDTRIP_013.coqc.log",""
"V64_REJECT_WRONG_ROUNDTRIP_014","wrong_roundtrip","safe_reject","failure","failure","kernel_failure","not_run","safe_reject_compile_blocked","295.3","0","logs/V64_REJECT_WRONG_ROUNDTRIP_014.coqc.log",""
"V64_REJECT_WRONG_ROUNDTRIP_015","wrong_roundtrip","safe_reject","failure","failure","kernel_failure","not_run","safe_reject_compile_blocked","301.5","0","logs/V64_REJECT_WRONG_ROUNDTRIP_015.coqc.log",""
"V64_REJECT_WRONG_ROUNDTRIP_016","wrong_roundtrip","safe_reject","failure","failure","kernel_failure","not_run","safe_reject_compile_blocked","284.7","0","logs/V64_REJECT_WRONG_ROUNDTRIP_016.coqc.log",""
"V64_REJECT_WRONG_ROUNDTRIP_017","wrong_roundtrip","safe_reject","failure","failure","kernel_failure","not_run","safe_reject_compile_blocked","276","0","logs/V64_REJECT_WRONG_ROUNDTRIP_017.coqc.log",""
"V64_REJECT_WRONG_ROUNDTRIP_018","wrong_roundtrip","safe_reject","failure","failure","kernel_failure","not_run","safe_reject_compile_blocked","276.8","0","logs/V64_REJECT_WRONG_ROUNDTRIP_018.coqc.log",""
"V64_REJECT_WRONG_ROUNDTRIP_019","wrong_roundtrip","safe_reject","failure","failure","kernel_failure","not_run","safe_reject_compile_blocked","301.5","0","logs/V64_REJECT_WRONG_ROUNDTRIP_019.coqc.log",""
"V64_REJECT_WRONG_ROUNDTRIP_020","wrong_roundtrip","safe_reject","failure","failure","kernel_failure","not_run","safe_reject_compile_blocked","280.8","0","logs/V64_REJECT_WRONG_ROUNDTRIP_020.coqc.log",""
"V64_REJECT_WRONG_ROUNDTRIP_021","wrong_roundtrip","safe_reject","failure","failure","kernel_failure","not_run","safe_reject_compile_blocked","247.3","0","logs/V64_REJECT_WRONG_ROUNDTRIP_021.coqc.log",""
"V64_REJECT_WRONG_ROUNDTRIP_022","wrong_roundtrip","safe_reject","failure","failure","kernel_failure","not_run","safe_reject_compile_blocked","243.5","0","logs/V64_REJECT_WRONG_ROUNDTRIP_022.coqc.log",""
"V64_REJECT_WRONG_ROUNDTRIP_023","wrong_roundtrip","safe_reject","failure","failure","kernel_failure","not_run","safe_reject_compile_blocked","255","0","logs/V64_REJECT_WRONG_ROUNDTRIP_023.coqc.log",""
"V64_REJECT_WRONG_ROUNDTRIP_024","wrong_roundtrip","safe_reject","failure","failure","kernel_failure","not_run","safe_reject_compile_blocked","273.3","0","logs/V64_REJECT_WRONG_ROUNDTRIP_024.coqc.log",""
"V64_REJECT_WRONG_ROUNDTRIP_025","wrong_roundtrip","safe_reject","failure","failure","kernel_failure","not_run","safe_reject_compile_blocked","280.1","0","logs/V64_REJECT_WRONG_ROUNDTRIP_025.coqc.log",""
"V64_REJECT_WRONG_ROUNDTRIP_026","wrong_roundtrip","safe_reject","failure","failure","kernel_failure","not_run","safe_reject_compile_blocked","281.6","0","logs/V64_REJECT_WRONG_ROUNDTRIP_026.coqc.log",""
"V64_REJECT_WRONG_ROUNDTRIP_027","wrong_roundtrip","safe_reject","failure","failure","kernel_failure","not_run","safe_reject_compile_blocked","297.2","0","logs/V64_REJECT_WRONG_ROUNDTRIP_027.coqc.log",""
"V64_REJECT_WRONG_ROUNDTRIP_028","wrong_roundtrip","safe_reject","failure","failure","kernel_failure","not_run","safe_reject_compile_blocked","284.8","0","logs/V64_REJECT_WRONG_ROUNDTRIP_028.coqc.log",""
"V64_REJECT_WRONG_ROUNDTRIP_029","wrong_roundtrip","safe_reject","failure","failure","kernel_failure","not_run","safe_reject_compile_blocked","320","0","logs/V64_REJECT_WRONG_ROUNDTRIP_029.coqc.log",""
"V64_REJECT_WRONG_ROUNDTRIP_030","wrong_roundtrip","safe_reject","failure","failure","kernel_failure","not_run","safe_reject_compile_blocked","308.4","0","logs/V64_REJECT_WRONG_ROUNDTRIP_030.coqc.log",""
"V64_REJECT_WRONG_ROUNDTRIP_031","wrong_roundtrip","safe_reject","failure","failure","kernel_failure","not_run","safe_reject_compile_blocked","306.1","0","logs/V64_REJECT_WRONG_ROUNDTRIP_031.coqc.log",""
"V64_REJECT_WRONG_ROUNDTRIP_032","wrong_roundtrip","safe_reject","failure","failure","kernel_failure","not_run","safe_reject_compile_blocked","286.3","0","logs/V64_REJECT_WRONG_ROUNDTRIP_032.coqc.log",""
"V64_REJECT_WRONG_ROUNDTRIP_033","wrong_roundtrip","safe_reject","failure","failure","kernel_failure","not_run","safe_reject_compile_blocked","281.9","0","logs/V64_REJECT_WRONG_ROUNDTRIP_033.coqc.log",""
"V64_REJECT_WRONG_ROUNDTRIP_034","wrong_roundtrip","safe_reject","failure","failure","kernel_failure","not_run","safe_reject_compile_blocked","336.5","0","logs/V64_REJECT_WRONG_ROUNDTRIP_034.coqc.log",""
"V64_REJECT_WRONG_ROUNDTRIP_035","wrong_roundtrip","safe_reject","failure","failure","kernel_failure","not_run","safe_reject_compile_blocked","324.7","0","logs/V64_REJECT_WRONG_ROUNDTRIP_035.coqc.log",""
"V64_REJECT_WRONG_ROUNDTRIP_036","wrong_roundtrip","safe_reject","failure","failure","kernel_failure","not_run","safe_reject_compile_blocked","316.5","0","logs/V64_REJECT_WRONG_ROUNDTRIP_036.coqc.log",""
"V64_REJECT_WRONG_ROUNDTRIP_037","wrong_roundtrip","safe_reject","failure","failure","kernel_failure","not_run","safe_reject_compile_blocked","301.3","0","logs/V64_REJECT_WRONG_ROUNDTRIP_037.coqc.log",""
"V64_REJECT_WRONG_ROUNDTRIP_038","wrong_roundtrip","safe_reject","failure","failure","kernel_failure","not_run","safe_reject_compile_blocked","329","0","logs/V64_REJECT_WRONG_ROUNDTRIP_038.coqc.log",""
"V64_REJECT_WRONG_ROUNDTRIP_039","wrong_roundtrip","safe_reject","failure","failure","kernel_failure","not_run","safe_reject_compile_blocked","317","0","logs/V64_REJECT_WRONG_ROUNDTRIP_039.coqc.log",""
"V64_REJECT_WRONG_ROUNDTRIP_040","wrong_roundtrip","safe_reject","failure","failure","kernel_failure","not_run","safe_reject_compile_blocked","290.5","0","logs/V64_REJECT_WRONG_ROUNDTRIP_040.coqc.log",""
"V64_REJECT_MISSING_CASE_001","missing_case","safe_reject","failure","failure","kernel_failure","not_run","safe_reject_compile_blocked","309.9","0","logs/V64_REJECT_MISSING_CASE_001.coqc.log",""
"V64_REJECT_MISSING_CASE_002","missing_case","safe_reject","failure","failure","kernel_failure","not_run","safe_reject_compile_blocked","289.6","0","logs/V64_REJECT_MISSING_CASE_002.coqc.log",""
"V64_REJECT_MISSING_CASE_003","missing_case","safe_reject","failure","failure","kernel_failure","not_run","safe_reject_compile_blocked","308.8","0","logs/V64_REJECT_MISSING_CASE_003.coqc.log",""
"V64_REJECT_MISSING_CASE_004","missing_case","safe_reject","failure","failure","kernel_failure","not_run","safe_reject_compile_blocked","308.1","0","logs/V64_REJECT_MISSING_CASE_004.coqc.log",""
"V64_REJECT_MISSING_CASE_005","missing_case","safe_reject","failure","failure","kernel_failure","not_run","safe_reject_compile_blocked","278.9","0","logs/V64_REJECT_MISSING_CASE_005.coqc.log",""
"V64_REJECT_MISSING_CASE_006","missing_case","safe_reject","failure","failure","kernel_failure","not_run","safe_reject_compile_blocked","288.6","0","logs/V64_REJECT_MISSING_CASE_006.coqc.log",""
"V64_REJECT_MISSING_CASE_007","missing_case","safe_reject","failure","failure","kernel_failure","not_run","safe_reject_compile_blocked","304.9","0","logs/V64_REJECT_MISSING_CASE_007.coqc.log",""
"V64_REJECT_MISSING_CASE_008","missing_case","safe_reject","failure","failure","kernel_failure","not_run","safe_reject_compile_blocked","308.6","0","logs/V64_REJECT_MISSING_CASE_008.coqc.log",""
"V64_REJECT_MISSING_CASE_009","missing_case","safe_reject","failure","failure","kernel_failure","not_run","safe_reject_compile_blocked","297.4","0","logs/V64_REJECT_MISSING_CASE_009.coqc.log",""
"V64_REJECT_MISSING_CASE_010","missing_case","safe_reject","failure","failure","kernel_failure","not_run","safe_reject_compile_blocked","318","0","logs/V64_REJECT_MISSING_CASE_010.coqc.log",""
"V64_REJECT_MISSING_CASE_011","missing_case","safe_reject","failure","failure","kernel_failure","not_run","safe_reject_compile_blocked","392","0","logs/V64_REJECT_MISSING_CASE_011.coqc.log",""
"V64_REJECT_MISSING_CASE_012","missing_case","safe_reject","failure","failure","kernel_failure","not_run","safe_reject_compile_blocked","327.7","0","logs/V64_REJECT_MISSING_CASE_012.coqc.log",""
"V64_REJECT_MISSING_CASE_013","missing_case","safe_reject","failure","failure","kernel_failure","not_run","safe_reject_compile_blocked","295.5","0","logs/V64_REJECT_MISSING_CASE_013.coqc.log",""
"V64_REJECT_MISSING_CASE_014","missing_case","safe_reject","failure","failure","kernel_failure","not_run","safe_reject_compile_blocked","297.9","0","logs/V64_REJECT_MISSING_CASE_014.coqc.log",""
"V64_REJECT_MISSING_CASE_015","missing_case","safe_reject","failure","failure","kernel_failure","not_run","safe_reject_compile_blocked","301","0","logs/V64_REJECT_MISSING_CASE_015.coqc.log",""
"V64_REJECT_MISSING_CASE_016","missing_case","safe_reject","failure","failure","kernel_failure","not_run","safe_reject_compile_blocked","286.6","0","logs/V64_REJECT_MISSING_CASE_016.coqc.log",""
"V64_REJECT_MISSING_CASE_017","missing_case","safe_reject","failure","failure","kernel_failure","not_run","safe_reject_compile_blocked","296.2","0","logs/V64_REJECT_MISSING_CASE_017.coqc.log",""
"V64_REJECT_MISSING_CASE_018","missing_case","safe_reject","failure","failure","kernel_failure","not_run","safe_reject_compile_blocked","263.3","0","logs/V64_REJECT_MISSING_CASE_018.coqc.log",""
"V64_REJECT_MISSING_CASE_019","missing_case","safe_reject","failure","failure","kernel_failure","not_run","safe_reject_compile_blocked","302.4","0","logs/V64_REJECT_MISSING_CASE_019.coqc.log",""
"V64_REJECT_MISSING_CASE_020","missing_case","safe_reject","failure","failure","kernel_failure","not_run","safe_reject_compile_blocked","283.1","0","logs/V64_REJECT_MISSING_CASE_020.coqc.log",""
"V64_REJECT_MISSING_CASE_021","missing_case","safe_reject","failure","failure","kernel_failure","not_run","safe_reject_compile_blocked","303.8","0","logs/V64_REJECT_MISSING_CASE_021.coqc.log",""
"V64_REJECT_MISSING_CASE_022","missing_case","safe_reject","failure","failure","kernel_failure","not_run","safe_reject_compile_blocked","326.5","0","logs/V64_REJECT_MISSING_CASE_022.coqc.log",""
"V64_REJECT_MISSING_CASE_023","missing_case","safe_reject","failure","failure","kernel_failure","not_run","safe_reject_compile_blocked","321","0","logs/V64_REJECT_MISSING_CASE_023.coqc.log",""
"V64_REJECT_MISSING_CASE_024","missing_case","safe_reject","failure","failure","kernel_failure","not_run","safe_reject_compile_blocked","292.5","0","logs/V64_REJECT_MISSING_CASE_024.coqc.log",""
"V64_REJECT_MISSING_CASE_025","missing_case","safe_reject","failure","failure","kernel_failure","not_run","safe_reject_compile_blocked","328.4","0","logs/V64_REJECT_MISSING_CASE_025.coqc.log",""
"V64_REJECT_MISSING_CASE_026","missing_case","safe_reject","failure","failure","kernel_failure","not_run","safe_reject_compile_blocked","270","0","logs/V64_REJECT_MISSING_CASE_026.coqc.log",""
"V64_REJECT_MISSING_CASE_027","missing_case","safe_reject","failure","failure","kernel_failure","not_run","safe_reject_compile_blocked","264.1","0","logs/V64_REJECT_MISSING_CASE_027.coqc.log",""
"V64_REJECT_MISSING_CASE_028","missing_case","safe_reject","failure","failure","kernel_failure","not_run","safe_reject_compile_blocked","293.2","0","logs/V64_REJECT_MISSING_CASE_028.coqc.log",""
"V64_REJECT_MISSING_CASE_029","missing_case","safe_reject","failure","failure","kernel_failure","not_run","safe_reject_compile_blocked","291.4","0","logs/V64_REJECT_MISSING_CASE_029.coqc.log",""
"V64_REJECT_MISSING_CASE_030","missing_case","safe_reject","failure","failure","kernel_failure","not_run","safe_reject_compile_blocked","286","0","logs/V64_REJECT_MISSING_CASE_030.coqc.log",""
"V64_REJECT_MISSING_CASE_031","missing_case","safe_reject","failure","failure","kernel_failure","not_run","safe_reject_compile_blocked","304.2","0","logs/V64_REJECT_MISSING_CASE_031.coqc.log",""
"V64_REJECT_MISSING_CASE_032","missing_case","safe_reject","failure","failure","kernel_failure","not_run","safe_reject_compile_blocked","287.2","0","logs/V64_REJECT_MISSING_CASE_032.coqc.log",""
"V64_REJECT_MISSING_CASE_033","missing_case","safe_reject","failure","failure","kernel_failure","not_run","safe_reject_compile_blocked","302.7","0","logs/V64_REJECT_MISSING_CASE_033.coqc.log",""
"V64_REJECT_MISSING_CASE_034","missing_case","safe_reject","failure","failure","kernel_failure","not_run","safe_reject_compile_blocked","283.8","0","logs/V64_REJECT_MISSING_CASE_034.coqc.log",""
"V64_REJECT_MISSING_CASE_035","missing_case","safe_reject","failure","failure","kernel_failure","not_run","safe_reject_compile_blocked","289","0","logs/V64_REJECT_MISSING_CASE_035.coqc.log",""
"V64_REJECT_MISSING_CASE_036","missing_case","safe_reject","failure","failure","kernel_failure","not_run","safe_reject_compile_blocked","321.6","0","logs/V64_REJECT_MISSING_CASE_036.coqc.log",""
"V64_REJECT_MISSING_CASE_037","missing_case","safe_reject","failure","failure","kernel_failure","not_run","safe_reject_compile_blocked","307.8","0","logs/V64_REJECT_MISSING_CASE_037.coqc.log",""
"V64_REJECT_MISSING_CASE_038","missing_case","safe_reject","failure","failure","kernel_failure","not_run","safe_reject_compile_blocked","350.4","0","logs/V64_REJECT_MISSING_CASE_038.coqc.log",""
"V64_REJECT_MISSING_CASE_039","missing_case","safe_reject","failure","failure","kernel_failure","not_run","safe_reject_compile_blocked","305.5","0","logs/V64_REJECT_MISSING_CASE_039.coqc.log",""
"V64_REJECT_MISSING_CASE_040","missing_case","safe_reject","failure","failure","kernel_failure","not_run","safe_reject_compile_blocked","329.6","0","logs/V64_REJECT_MISSING_CASE_040.coqc.log",""
"V64_REJECT_BAD_LENGTH_001","bad_length","safe_reject","failure","failure","kernel_failure","not_run","safe_reject_compile_blocked","370.5","0","logs/V64_REJECT_BAD_LENGTH_001.coqc.log",""
"V64_REJECT_BAD_LENGTH_002","bad_length","safe_reject","failure","failure","kernel_failure","not_run","safe_reject_compile_blocked","402","0","logs/V64_REJECT_BAD_LENGTH_002.coqc.log",""
"V64_REJECT_BAD_LENGTH_003","bad_length","safe_reject","failure","failure","kernel_failure","not_run","safe_reject_compile_blocked","407.6","0","logs/V64_REJECT_BAD_LENGTH_003.coqc.log",""
"V64_REJECT_BAD_LENGTH_004","bad_length","safe_reject","failure","failure","kernel_failure","not_run","safe_reject_compile_blocked","468.2","0","logs/V64_REJECT_BAD_LENGTH_004.coqc.log",""
"V64_REJECT_BAD_LENGTH_005","bad_length","safe_reject","failure","failure","kernel_failure","not_run","safe_reject_compile_blocked","491.4","0","logs/V64_REJECT_BAD_LENGTH_005.coqc.log",""
"V64_REJECT_BAD_LENGTH_006","bad_length","safe_reject","failure","failure","kernel_failure","not_run","safe_reject_compile_blocked","386","0","logs/V64_REJECT_BAD_LENGTH_006.coqc.log",""
"V64_REJECT_BAD_LENGTH_007","bad_length","safe_reject","failure","failure","kernel_failure","not_run","safe_reject_compile_blocked","387.5","0","logs/V64_REJECT_BAD_LENGTH_007.coqc.log",""
"V64_REJECT_BAD_LENGTH_008","bad_length","safe_reject","failure","failure","kernel_failure","not_run","safe_reject_compile_blocked","365.9","0","logs/V64_REJECT_BAD_LENGTH_008.coqc.log",""
"V64_REJECT_BAD_LENGTH_009","bad_length","safe_reject","failure","failure","kernel_failure","not_run","safe_reject_compile_blocked","348.6","0","logs/V64_REJECT_BAD_LENGTH_009.coqc.log",""
"V64_REJECT_BAD_LENGTH_010","bad_length","safe_reject","failure","failure","kernel_failure","not_run","safe_reject_compile_blocked","367.8","0","logs/V64_REJECT_BAD_LENGTH_010.coqc.log",""
"V64_REJECT_BAD_LENGTH_011","bad_length","safe_reject","failure","failure","kernel_failure","not_run","safe_reject_compile_blocked","388.7","0","logs/V64_REJECT_BAD_LENGTH_011.coqc.log",""
"V64_REJECT_BAD_LENGTH_012","bad_length","safe_reject","failure","failure","kernel_failure","not_run","safe_reject_compile_blocked","412.7","0","logs/V64_REJECT_BAD_LENGTH_012.coqc.log",""
"V64_REJECT_BAD_LENGTH_013","bad_length","safe_reject","failure","failure","kernel_failure","not_run","safe_reject_compile_blocked","411.7","0","logs/V64_REJECT_BAD_LENGTH_013.coqc.log",""
"V64_REJECT_BAD_LENGTH_014","bad_length","safe_reject","failure","failure","kernel_failure","not_run","safe_reject_compile_blocked","398.3","0","logs/V64_REJECT_BAD_LENGTH_014.coqc.log",""
"V64_REJECT_BAD_LENGTH_015","bad_length","safe_reject","failure","failure","kernel_failure","not_run","safe_reject_compile_blocked","430.7","0","logs/V64_REJECT_BAD_LENGTH_015.coqc.log",""
"V64_REJECT_BAD_LENGTH_016","bad_length","safe_reject","failure","failure","kernel_failure","not_run","safe_reject_compile_blocked","442.3","0","logs/V64_REJECT_BAD_LENGTH_016.coqc.log",""
"V64_REJECT_BAD_LENGTH_017","bad_length","safe_reject","failure","failure","kernel_failure","not_run","safe_reject_compile_blocked","447.2","0","logs/V64_REJECT_BAD_LENGTH_017.coqc.log",""
"V64_REJECT_BAD_LENGTH_018","bad_length","safe_reject","failure","failure","kernel_failure","not_run","safe_reject_compile_blocked","420.9","0","logs/V64_REJECT_BAD_LENGTH_018.coqc.log",""
"V64_REJECT_BAD_LENGTH_019","bad_length","safe_reject","failure","failure","kernel_failure","not_run","safe_reject_compile_blocked","376.4","0","logs/V64_REJECT_BAD_LENGTH_019.coqc.log",""
"V64_REJECT_BAD_LENGTH_020","bad_length","safe_reject","failure","failure","kernel_failure","not_run","safe_reject_compile_blocked","364.4","0","logs/V64_REJECT_BAD_LENGTH_020.coqc.log",""
"V64_REJECT_BAD_LENGTH_021","bad_length","safe_reject","failure","failure","kernel_failure","not_run","safe_reject_compile_blocked","400.6","0","logs/V64_REJECT_BAD_LENGTH_021.coqc.log",""
"V64_REJECT_BAD_LENGTH_022","bad_length","safe_reject","failure","failure","kernel_failure","not_run","safe_reject_compile_blocked","362.3","0","logs/V64_REJECT_BAD_LENGTH_022.coqc.log",""
"V64_REJECT_BAD_LENGTH_023","bad_length","safe_reject","failure","failure","kernel_failure","not_run","safe_reject_compile_blocked","433.3","0","logs/V64_REJECT_BAD_LENGTH_023.coqc.log",""
"V64_REJECT_BAD_LENGTH_024","bad_length","safe_reject","failure","failure","kernel_failure","not_run","safe_reject_compile_blocked","403.2","0","logs/V64_REJECT_BAD_LENGTH_024.coqc.log",""
"V64_REJECT_BAD_LENGTH_025","bad_length","safe_reject","failure","failure","kernel_failure","not_run","safe_reject_compile_blocked","423.8","0","logs/V64_REJECT_BAD_LENGTH_025.coqc.log",""
"V64_REJECT_BAD_LENGTH_026","bad_length","safe_reject","failure","failure","kernel_failure","not_run","safe_reject_compile_blocked","404.8","0","logs/V64_REJECT_BAD_LENGTH_026.coqc.log",""
"V64_REJECT_BAD_LENGTH_027","bad_length","safe_reject","failure","failure","kernel_failure","not_run","safe_reject_compile_blocked","391.1","0","logs/V64_REJECT_BAD_LENGTH_027.coqc.log",""
"V64_REJECT_BAD_LENGTH_028","bad_length","safe_reject","failure","failure","kernel_failure","not_run","safe_reject_compile_blocked","406","0","logs/V64_REJECT_BAD_LENGTH_028.coqc.log",""
"V64_REJECT_BAD_LENGTH_029","bad_length","safe_reject","failure","failure","kernel_failure","not_run","safe_reject_compile_blocked","395.9","0","logs/V64_REJECT_BAD_LENGTH_029.coqc.log",""
"V64_REJECT_BAD_LENGTH_030","bad_length","safe_reject","failure","failure","kernel_failure","not_run","safe_reject_compile_blocked","430.1","0","logs/V64_REJECT_BAD_LENGTH_030.coqc.log",""
"V64_REJECT_BAD_LENGTH_031","bad_length","safe_reject","failure","failure","kernel_failure","not_run","safe_reject_compile_blocked","373.5","0","logs/V64_REJECT_BAD_LENGTH_031.coqc.log",""
"V64_REJECT_BAD_LENGTH_032","bad_length","safe_reject","failure","failure","kernel_failure","not_run","safe_reject_compile_blocked","379.3","0","logs/V64_REJECT_BAD_LENGTH_032.coqc.log",""
"V64_REJECT_BAD_LENGTH_033","bad_length","safe_reject","failure","failure","kernel_failure","not_run","safe_reject_compile_blocked","380.9","0","logs/V64_REJECT_BAD_LENGTH_033.coqc.log",""
"V64_REJECT_BAD_LENGTH_034","bad_length","safe_reject","failure","failure","kernel_failure","not_run","safe_reject_compile_blocked","385.1","0","logs/V64_REJECT_BAD_LENGTH_034.coqc.log",""
"V64_REJECT_BAD_LENGTH_035","bad_length","safe_reject","failure","failure","kernel_failure","not_run","safe_reject_compile_blocked","434.1","0","logs/V64_REJECT_BAD_LENGTH_035.coqc.log",""
"V64_REJECT_BAD_LENGTH_036","bad_length","safe_reject","failure","failure","kernel_failure","not_run","safe_reject_compile_blocked","391.3","0","logs/V64_REJECT_BAD_LENGTH_036.coqc.log",""
"V64_REJECT_BAD_LENGTH_037","bad_length","safe_reject","failure","failure","kernel_failure","not_run","safe_reject_compile_blocked","423.8","0","logs/V64_REJECT_BAD_LENGTH_037.coqc.log",""
"V64_REJECT_BAD_LENGTH_038","bad_length","safe_reject","failure","failure","kernel_failure","not_run","safe_reject_compile_blocked","398.9","0","logs/V64_REJECT_BAD_LENGTH_038.coqc.log",""
"V64_REJECT_BAD_LENGTH_039","bad_length","safe_reject","failure","failure","kernel_failure","not_run","safe_reject_compile_blocked","389.4","0","logs/V64_REJECT_BAD_LENGTH_039.coqc.log",""
"V64_REJECT_BAD_LENGTH_040","bad_length","safe_reject","failure","failure","kernel_failure","not_run","safe_reject_compile_blocked","400.8","0","logs/V64_REJECT_BAD_LENGTH_040.coqc.log",""
"V64_POLICY_FUNCTIONAL_EXTENSIONALITY_001","functional_extensionality","safe_reject","success","success","kernel_success","not_run","safe_reject_policy_blocked","447.3","0","logs/V64_POLICY_FUNCTIONAL_EXTENSIONALITY_001.coqc.log",""
"V64_POLICY_FUNCTIONAL_EXTENSIONALITY_002","functional_extensionality","safe_reject","success","success","kernel_success","not_run","safe_reject_policy_blocked","511.2","0","logs/V64_POLICY_FUNCTIONAL_EXTENSIONALITY_002.coqc.log",""
"V64_POLICY_FUNCTIONAL_EXTENSIONALITY_003","functional_extensionality","safe_reject","success","success","kernel_success","not_run","safe_reject_policy_blocked","531.4","0","logs/V64_POLICY_FUNCTIONAL_EXTENSIONALITY_003.coqc.log",""
"V64_POLICY_FUNCTIONAL_EXTENSIONALITY_004","functional_extensionality","safe_reject","success","success","kernel_success","not_run","safe_reject_policy_blocked","512.1","0","logs/V64_POLICY_FUNCTIONAL_EXTENSIONALITY_004.coqc.log",""
"V64_POLICY_FUNCTIONAL_EXTENSIONALITY_005","functional_extensionality","safe_reject","success","success","kernel_success","not_run","safe_reject_policy_blocked","452.4","0","logs/V64_POLICY_FUNCTIONAL_EXTENSIONALITY_005.coqc.log",""
"V64_POLICY_FUNCTIONAL_EXTENSIONALITY_006","functional_extensionality","safe_reject","success","success","kernel_success","not_run","safe_reject_policy_blocked","472.3","0","logs/V64_POLICY_FUNCTIONAL_EXTENSIONALITY_006.coqc.log",""
"V64_POLICY_FUNCTIONAL_EXTENSIONALITY_007","functional_extensionality","safe_reject","success","success","kernel_success","not_run","safe_reject_policy_blocked","458.2","0","logs/V64_POLICY_FUNCTIONAL_EXTENSIONALITY_007.coqc.log",""
"V64_POLICY_FUNCTIONAL_EXTENSIONALITY_008","functional_extensionality","safe_reject","success","success","kernel_success","not_run","safe_reject_policy_blocked","491.7","0","logs/V64_POLICY_FUNCTIONAL_EXTENSIONALITY_008.coqc.log",""
"V64_POLICY_FUNCTIONAL_EXTENSIONALITY_009","functional_extensionality","safe_reject","success","success","kernel_success","not_run","safe_reject_policy_blocked","478.4","0","logs/V64_POLICY_FUNCTIONAL_EXTENSIONALITY_009.coqc.log",""
"V64_POLICY_FUNCTIONAL_EXTENSIONALITY_010","functional_extensionality","safe_reject","success","success","kernel_success","not_run","safe_reject_policy_blocked","492.8","0","logs/V64_POLICY_FUNCTIONAL_EXTENSIONALITY_010.coqc.log",""
"V64_POLICY_FUNCTIONAL_EXTENSIONALITY_011","functional_extensionality","safe_reject","success","success","kernel_success","not_run","safe_reject_policy_blocked","515.4","0","logs/V64_POLICY_FUNCTIONAL_EXTENSIONALITY_011.coqc.log",""
"V64_POLICY_FUNCTIONAL_EXTENSIONALITY_012","functional_extensionality","safe_reject","success","success","kernel_success","not_run","safe_reject_policy_blocked","470.5","0","logs/V64_POLICY_FUNCTIONAL_EXTENSIONALITY_012.coqc.log",""
"V64_POLICY_FUNCTIONAL_EXTENSIONALITY_013","functional_extensionality","safe_reject","success","success","kernel_success","not_run","safe_reject_policy_blocked","521.2","0","logs/V64_POLICY_FUNCTIONAL_EXTENSIONALITY_013.coqc.log",""
"V64_POLICY_FUNCTIONAL_EXTENSIONALITY_014","functional_extensionality","safe_reject","success","success","kernel_success","not_run","safe_reject_policy_blocked","449","0","logs/V64_POLICY_FUNCTIONAL_EXTENSIONALITY_014.coqc.log",""
"V64_POLICY_FUNCTIONAL_EXTENSIONALITY_015","functional_extensionality","safe_reject","success","success","kernel_success","not_run","safe_reject_policy_blocked","437.9","0","logs/V64_POLICY_FUNCTIONAL_EXTENSIONALITY_015.coqc.log",""
"V64_POLICY_FUNCTIONAL_EXTENSIONALITY_016","functional_extensionality","safe_reject","success","success","kernel_success","not_run","safe_reject_policy_blocked","412.1","0","logs/V64_POLICY_FUNCTIONAL_EXTENSIONALITY_016.coqc.log",""
"V64_POLICY_FUNCTIONAL_EXTENSIONALITY_017","functional_extensionality","safe_reject","success","success","kernel_success","not_run","safe_reject_policy_blocked","426.1","0","logs/V64_POLICY_FUNCTIONAL_EXTENSIONALITY_017.coqc.log",""
"V64_POLICY_FUNCTIONAL_EXTENSIONALITY_018","functional_extensionality","safe_reject","success","success","kernel_success","not_run","safe_reject_policy_blocked","463.4","0","logs/V64_POLICY_FUNCTIONAL_EXTENSIONALITY_018.coqc.log",""
"V64_POLICY_FUNCTIONAL_EXTENSIONALITY_019","functional_extensionality","safe_reject","success","success","kernel_success","not_run","safe_reject_policy_blocked","481.2","0","logs/V64_POLICY_FUNCTIONAL_EXTENSIONALITY_019.coqc.log",""
"V64_POLICY_FUNCTIONAL_EXTENSIONALITY_020","functional_extensionality","safe_reject","success","success","kernel_success","not_run","safe_reject_policy_blocked","527.2","0","logs/V64_POLICY_FUNCTIONAL_EXTENSIONALITY_020.coqc.log",""
"V64_POLICY_FUNCTIONAL_EXTENSIONALITY_021","functional_extensionality","safe_reject","success","success","kernel_success","not_run","safe_reject_policy_blocked","506.9","0","logs/V64_POLICY_FUNCTIONAL_EXTENSIONALITY_021.coqc.log",""
"V64_POLICY_FUNCTIONAL_EXTENSIONALITY_022","functional_extensionality","safe_reject","success","success","kernel_success","not_run","safe_reject_policy_blocked","509.6","0","logs/V64_POLICY_FUNCTIONAL_EXTENSIONALITY_022.coqc.log",""
"V64_POLICY_FUNCTIONAL_EXTENSIONALITY_023","functional_extensionality","safe_reject","success","success","kernel_success","not_run","safe_reject_policy_blocked","443.4","0","logs/V64_POLICY_FUNCTIONAL_EXTENSIONALITY_023.coqc.log",""
"V64_POLICY_FUNCTIONAL_EXTENSIONALITY_024","functional_extensionality","safe_reject","success","success","kernel_success","not_run","safe_reject_policy_blocked","540.9","0","logs/V64_POLICY_FUNCTIONAL_EXTENSIONALITY_024.coqc.log",""
"V64_POLICY_FUNCTIONAL_EXTENSIONALITY_025","functional_extensionality","safe_reject","success","success","kernel_success","not_run","safe_reject_policy_blocked","509.5","0","logs/V64_POLICY_FUNCTIONAL_EXTENSIONALITY_025.coqc.log",""
"V64_POLICY_FUNCTIONAL_EXTENSIONALITY_026","functional_extensionality","safe_reject","success","success","kernel_success","not_run","safe_reject_policy_blocked","482.3","0","logs/V64_POLICY_FUNCTIONAL_EXTENSIONALITY_026.coqc.log",""
"V64_POLICY_FUNCTIONAL_EXTENSIONALITY_027","functional_extensionality","safe_reject","success","success","kernel_success","not_run","safe_reject_policy_blocked","515.9","0","logs/V64_POLICY_FUNCTIONAL_EXTENSIONALITY_027.coqc.log",""
"V64_POLICY_FUNCTIONAL_EXTENSIONALITY_028","functional_extensionality","safe_reject","success","success","kernel_success","not_run","safe_reject_policy_blocked","459.6","0","logs/V64_POLICY_FUNCTIONAL_EXTENSIONALITY_028.coqc.log",""
"V64_POLICY_FUNCTIONAL_EXTENSIONALITY_029","functional_extensionality","safe_reject","success","success","kernel_success","not_run","safe_reject_policy_blocked","493.2","0","logs/V64_POLICY_FUNCTIONAL_EXTENSIONALITY_029.coqc.log",""
"V64_POLICY_FUNCTIONAL_EXTENSIONALITY_030","functional_extensionality","safe_reject","success","success","kernel_success","not_run","safe_reject_policy_blocked","457","0","logs/V64_POLICY_FUNCTIONAL_EXTENSIONALITY_030.coqc.log",""
"V64_POLICY_CLASSICAL_LOGIC_001","classical_logic","safe_reject","success","success","kernel_success","not_run","safe_reject_policy_blocked","504.9","0","logs/V64_POLICY_CLASSICAL_LOGIC_001.coqc.log",""
"V64_POLICY_CLASSICAL_LOGIC_002","classical_logic","safe_reject","success","success","kernel_success","not_run","safe_reject_policy_blocked","516.7","0","logs/V64_POLICY_CLASSICAL_LOGIC_002.coqc.log",""
"V64_POLICY_CLASSICAL_LOGIC_003","classical_logic","safe_reject","success","success","kernel_success","not_run","safe_reject_policy_blocked","444.5","0","logs/V64_POLICY_CLASSICAL_LOGIC_003.coqc.log",""
"V64_POLICY_CLASSICAL_LOGIC_004","classical_logic","safe_reject","success","success","kernel_success","not_run","safe_reject_policy_blocked","460.7","0","logs/V64_POLICY_CLASSICAL_LOGIC_004.coqc.log",""
"V64_POLICY_CLASSICAL_LOGIC_005","classical_logic","safe_reject","success","success","kernel_success","not_run","safe_reject_policy_blocked","551.2","0","logs/V64_POLICY_CLASSICAL_LOGIC_005.coqc.log",""
"V64_POLICY_CLASSICAL_LOGIC_006","classical_logic","safe_reject","success","success","kernel_success","not_run","safe_reject_policy_blocked","497.1","0","logs/V64_POLICY_CLASSICAL_LOGIC_006.coqc.log",""
"V64_POLICY_CLASSICAL_LOGIC_007","classical_logic","safe_reject","success","success","kernel_success","not_run","safe_reject_policy_blocked","468.2","0","logs/V64_POLICY_CLASSICAL_LOGIC_007.coqc.log",""
"V64_POLICY_CLASSICAL_LOGIC_008","classical_logic","safe_reject","success","success","kernel_success","not_run","safe_reject_policy_blocked","438.9","0","logs/V64_POLICY_CLASSICAL_LOGIC_008.coqc.log",""
"V64_POLICY_CLASSICAL_LOGIC_009","classical_logic","safe_reject","success","success","kernel_success","not_run","safe_reject_policy_blocked","451.2","0","logs/V64_POLICY_CLASSICAL_LOGIC_009.coqc.log",""
"V64_POLICY_CLASSICAL_LOGIC_010","classical_logic","safe_reject","success","success","kernel_success","not_run","safe_reject_policy_blocked","497.9","0","logs/V64_POLICY_CLASSICAL_LOGIC_010.coqc.log",""
"V64_POLICY_CLASSICAL_LOGIC_011","classical_logic","safe_reject","success","success","kernel_success","not_run","safe_reject_policy_blocked","537","0","logs/V64_POLICY_CLASSICAL_LOGIC_011.coqc.log",""
"V64_POLICY_CLASSICAL_LOGIC_012","classical_logic","safe_reject","success","success","kernel_success","not_run","safe_reject_policy_blocked","572","0","logs/V64_POLICY_CLASSICAL_LOGIC_012.coqc.log",""
"V64_POLICY_CLASSICAL_LOGIC_013","classical_logic","safe_reject","success","success","kernel_success","not_run","safe_reject_policy_blocked","568.1","0","logs/V64_POLICY_CLASSICAL_LOGIC_013.coqc.log",""
"V64_POLICY_CLASSICAL_LOGIC_014","classical_logic","safe_reject","success","success","kernel_success","not_run","safe_reject_policy_blocked","468.8","0","logs/V64_POLICY_CLASSICAL_LOGIC_014.coqc.log",""
"V64_POLICY_CLASSICAL_LOGIC_015","classical_logic","safe_reject","success","success","kernel_success","not_run","safe_reject_policy_blocked","435.1","0","logs/V64_POLICY_CLASSICAL_LOGIC_015.coqc.log",""
"V64_POLICY_CLASSICAL_LOGIC_016","classical_logic","safe_reject","success","success","kernel_success","not_run","safe_reject_policy_blocked","424.6","0","logs/V64_POLICY_CLASSICAL_LOGIC_016.coqc.log",""
"V64_POLICY_CLASSICAL_LOGIC_017","classical_logic","safe_reject","success","success","kernel_success","not_run","safe_reject_policy_blocked","457.4","0","logs/V64_POLICY_CLASSICAL_LOGIC_017.coqc.log",""
"V64_POLICY_CLASSICAL_LOGIC_018","classical_logic","safe_reject","success","success","kernel_success","not_run","safe_reject_policy_blocked","465.4","0","logs/V64_POLICY_CLASSICAL_LOGIC_018.coqc.log",""
"V64_POLICY_CLASSICAL_LOGIC_019","classical_logic","safe_reject","success","success","kernel_success","not_run","safe_reject_policy_blocked","444.9","0","logs/V64_POLICY_CLASSICAL_LOGIC_019.coqc.log",""
"V64_POLICY_CLASSICAL_LOGIC_020","classical_logic","safe_reject","success","success","kernel_success","not_run","safe_reject_policy_blocked","447.6","0","logs/V64_POLICY_CLASSICAL_LOGIC_020.coqc.log",""
"V64_POLICY_CLASSICAL_LOGIC_021","classical_logic","safe_reject","success","success","kernel_success","not_run","safe_reject_policy_blocked","457.8","0","logs/V64_POLICY_CLASSICAL_LOGIC_021.coqc.log",""
"V64_POLICY_CLASSICAL_LOGIC_022","classical_logic","safe_reject","success","success","kernel_success","not_run","safe_reject_policy_blocked","453.9","0","logs/V64_POLICY_CLASSICAL_LOGIC_022.coqc.log",""
"V64_POLICY_CLASSICAL_LOGIC_023","classical_logic","safe_reject","success","success","kernel_success","not_run","safe_reject_policy_blocked","458.4","0","logs/V64_POLICY_CLASSICAL_LOGIC_023.coqc.log",""
"V64_POLICY_CLASSICAL_LOGIC_024","classical_logic","safe_reject","success","success","kernel_success","not_run","safe_reject_policy_blocked","469","0","logs/V64_POLICY_CLASSICAL_LOGIC_024.coqc.log",""
"V64_POLICY_CLASSICAL_LOGIC_025","classical_logic","safe_reject","success","success","kernel_success","not_run","safe_reject_policy_blocked","452.9","0","logs/V64_POLICY_CLASSICAL_LOGIC_025.coqc.log",""
"V64_POLICY_CLASSICAL_LOGIC_026","classical_logic","safe_reject","success","success","kernel_success","not_run","safe_reject_policy_blocked","459.6","0","logs/V64_POLICY_CLASSICAL_LOGIC_026.coqc.log",""
"V64_POLICY_CLASSICAL_LOGIC_027","classical_logic","safe_reject","success","success","kernel_success","not_run","safe_reject_policy_blocked","467.5","0","logs/V64_POLICY_CLASSICAL_LOGIC_027.coqc.log",""
"V64_POLICY_CLASSICAL_LOGIC_028","classical_logic","safe_reject","success","success","kernel_success","not_run","safe_reject_policy_blocked","473.3","0","logs/V64_POLICY_CLASSICAL_LOGIC_028.coqc.log",""
"V64_POLICY_CLASSICAL_LOGIC_029","classical_logic","safe_reject","success","success","kernel_success","not_run","safe_reject_policy_blocked","463","0","logs/V64_POLICY_CLASSICAL_LOGIC_029.coqc.log",""
"V64_POLICY_CLASSICAL_LOGIC_030","classical_logic","safe_reject","success","success","kernel_success","not_run","safe_reject_policy_blocked","479.3","0","logs/V64_POLICY_CLASSICAL_LOGIC_030.coqc.log",""
