"module","pattern","transfer_shape","obligations","file","coqc_status","coqc_ms","coqc_log"
"V63_record_tuple_001","record-tuple","section/retraction","3","coq/V63_record_tuple_001.v","kernel_success","533.3","logs/V63_record_tuple_001.coqc.log"
"V63_record_tuple_002","record-tuple","section/retraction","3","coq/V63_record_tuple_002.v","kernel_success","525.2","logs/V63_record_tuple_002.coqc.log"
"V63_record_tuple_003","record-tuple","section/retraction","3","coq/V63_record_tuple_003.v","kernel_success","491","logs/V63_record_tuple_003.coqc.log"
"V63_record_tuple_004","record-tuple","section/retraction","3","coq/V63_record_tuple_004.v","kernel_success","438.4","logs/V63_record_tuple_004.coqc.log"
"V63_record_tuple_005","record-tuple","section/retraction","3","coq/V63_record_tuple_005.v","kernel_success","481.9","logs/V63_record_tuple_005.coqc.log"
"V63_record_tuple_006","record-tuple","section/retraction","3","coq/V63_record_tuple_006.v","kernel_success","433.7","logs/V63_record_tuple_006.coqc.log"
"V63_record_tuple_007","record-tuple","section/retraction","3","coq/V63_record_tuple_007.v","kernel_success","449.7","logs/V63_record_tuple_007.coqc.log"
"V63_record_tuple_008","record-tuple","section/retraction","3","coq/V63_record_tuple_008.v","kernel_success","504.7","logs/V63_record_tuple_008.coqc.log"
"V63_record_tuple_009","record-tuple","section/retraction","3","coq/V63_record_tuple_009.v","kernel_success","461.8","logs/V63_record_tuple_009.coqc.log"
"V63_record_tuple_010","record-tuple","section/retraction","3","coq/V63_record_tuple_010.v","kernel_success","453.9","logs/V63_record_tuple_010.coqc.log"
"V63_record_tuple_011","record-tuple","section/retraction","3","coq/V63_record_tuple_011.v","kernel_success","413.7","logs/V63_record_tuple_011.coqc.log"
"V63_record_tuple_012","record-tuple","section/retraction","3","coq/V63_record_tuple_012.v","kernel_success","377","logs/V63_record_tuple_012.coqc.log"
"V63_record_tuple_013","record-tuple","section/retraction","3","coq/V63_record_tuple_013.v","kernel_success","443.4","logs/V63_record_tuple_013.coqc.log"
"V63_record_tuple_014","record-tuple","section/retraction","3","coq/V63_record_tuple_014.v","kernel_success","463.1","logs/V63_record_tuple_014.coqc.log"
"V63_record_tuple_015","record-tuple","section/retraction","3","coq/V63_record_tuple_015.v","kernel_success","470.6","logs/V63_record_tuple_015.coqc.log"
"V63_record_tuple_016","record-tuple","section/retraction","3","coq/V63_record_tuple_016.v","kernel_success","420.8","logs/V63_record_tuple_016.coqc.log"
"V63_record_tuple_017","record-tuple","section/retraction","3","coq/V63_record_tuple_017.v","kernel_success","397","logs/V63_record_tuple_017.coqc.log"
"V63_record_tuple_018","record-tuple","section/retraction","3","coq/V63_record_tuple_018.v","kernel_success","394.9","logs/V63_record_tuple_018.coqc.log"
"V63_record_tuple_019","record-tuple","section/retraction","3","coq/V63_record_tuple_019.v","kernel_success","382.5","logs/V63_record_tuple_019.coqc.log"
"V63_record_tuple_020","record-tuple","section/retraction","3","coq/V63_record_tuple_020.v","kernel_success","383","logs/V63_record_tuple_020.coqc.log"
"V63_record_tuple_021","record-tuple","section/retraction","3","coq/V63_record_tuple_021.v","kernel_success","411.5","logs/V63_record_tuple_021.coqc.log"
"V63_record_tuple_022","record-tuple","section/retraction","3","coq/V63_record_tuple_022.v","kernel_success","442.3","logs/V63_record_tuple_022.coqc.log"
"V63_record_tuple_023","record-tuple","section/retraction","3","coq/V63_record_tuple_023.v","kernel_success","506.2","logs/V63_record_tuple_023.coqc.log"
"V63_record_tuple_024","record-tuple","section/retraction","3","coq/V63_record_tuple_024.v","kernel_success","478.3","logs/V63_record_tuple_024.coqc.log"
"V63_record_tuple_025","record-tuple","section/retraction","3","coq/V63_record_tuple_025.v","kernel_success","476.6","logs/V63_record_tuple_025.coqc.log"
"V63_record_tuple_026","record-tuple","section/retraction","3","coq/V63_record_tuple_026.v","kernel_success","440.1","logs/V63_record_tuple_026.coqc.log"
"V63_record_tuple_027","record-tuple","section/retraction","3","coq/V63_record_tuple_027.v","kernel_success","435.5","logs/V63_record_tuple_027.coqc.log"
"V63_record_tuple_028","record-tuple","section/retraction","3","coq/V63_record_tuple_028.v","kernel_success","373.8","logs/V63_record_tuple_028.coqc.log"
"V63_record_tuple_029","record-tuple","section/retraction","3","coq/V63_record_tuple_029.v","kernel_success","413.3","logs/V63_record_tuple_029.coqc.log"
"V63_record_tuple_030","record-tuple","section/retraction","3","coq/V63_record_tuple_030.v","kernel_success","390.6","logs/V63_record_tuple_030.coqc.log"
"V63_record_tuple_031","record-tuple","section/retraction","3","coq/V63_record_tuple_031.v","kernel_success","398","logs/V63_record_tuple_031.coqc.log"
"V63_record_tuple_032","record-tuple","section/retraction","3","coq/V63_record_tuple_032.v","kernel_success","376.6","logs/V63_record_tuple_032.coqc.log"
"V63_record_tuple_033","record-tuple","section/retraction","3","coq/V63_record_tuple_033.v","kernel_success","382","logs/V63_record_tuple_033.coqc.log"
"V63_record_tuple_034","record-tuple","section/retraction","3","coq/V63_record_tuple_034.v","kernel_success","452.2","logs/V63_record_tuple_034.coqc.log"
"V63_record_tuple_035","record-tuple","section/retraction","3","coq/V63_record_tuple_035.v","kernel_success","440.7","logs/V63_record_tuple_035.coqc.log"
"V63_record_tuple_036","record-tuple","section/retraction","3","coq/V63_record_tuple_036.v","kernel_success","492.4","logs/V63_record_tuple_036.coqc.log"
"V63_record_tuple_037","record-tuple","section/retraction","3","coq/V63_record_tuple_037.v","kernel_success","439.6","logs/V63_record_tuple_037.coqc.log"
"V63_record_tuple_038","record-tuple","section/retraction","3","coq/V63_record_tuple_038.v","kernel_success","449.2","logs/V63_record_tuple_038.coqc.log"
"V63_record_tuple_039","record-tuple","section/retraction","3","coq/V63_record_tuple_039.v","kernel_success","371.3","logs/V63_record_tuple_039.coqc.log"
"V63_record_tuple_040","record-tuple","section/retraction","3","coq/V63_record_tuple_040.v","kernel_success","373.8","logs/V63_record_tuple_040.coqc.log"
"V63_record_tuple_041","record-tuple","section/retraction","3","coq/V63_record_tuple_041.v","kernel_success","388","logs/V63_record_tuple_041.coqc.log"
"V63_record_tuple_042","record-tuple","section/retraction","3","coq/V63_record_tuple_042.v","kernel_success","332.7","logs/V63_record_tuple_042.coqc.log"
"V63_record_tuple_043","record-tuple","section/retraction","3","coq/V63_record_tuple_043.v","kernel_success","377.6","logs/V63_record_tuple_043.coqc.log"
"V63_record_tuple_044","record-tuple","section/retraction","3","coq/V63_record_tuple_044.v","kernel_success","417.6","logs/V63_record_tuple_044.coqc.log"
"V63_record_tuple_045","record-tuple","section/retraction","3","coq/V63_record_tuple_045.v","kernel_success","382.6","logs/V63_record_tuple_045.coqc.log"
"V63_record_tuple_046","record-tuple","section/retraction","3","coq/V63_record_tuple_046.v","kernel_success","453.6","logs/V63_record_tuple_046.coqc.log"
"V63_record_tuple_047","record-tuple","section/retraction","3","coq/V63_record_tuple_047.v","kernel_success","454","logs/V63_record_tuple_047.coqc.log"
"V63_record_tuple_048","record-tuple","section/retraction","3","coq/V63_record_tuple_048.v","kernel_success","438.5","logs/V63_record_tuple_048.coqc.log"
"V63_record_tuple_049","record-tuple","section/retraction","3","coq/V63_record_tuple_049.v","kernel_success","392.5","logs/V63_record_tuple_049.coqc.log"
"V63_record_tuple_050","record-tuple","section/retraction","3","coq/V63_record_tuple_050.v","kernel_success","417.7","logs/V63_record_tuple_050.coqc.log"
"V63_record_tuple_051","record-tuple","section/retraction","3","coq/V63_record_tuple_051.v","kernel_success","356.3","logs/V63_record_tuple_051.coqc.log"
"V63_record_tuple_052","record-tuple","section/retraction","3","coq/V63_record_tuple_052.v","kernel_success","361.4","logs/V63_record_tuple_052.coqc.log"
"V63_record_tuple_053","record-tuple","section/retraction","3","coq/V63_record_tuple_053.v","kernel_success","345.1","logs/V63_record_tuple_053.coqc.log"
"V63_record_tuple_054","record-tuple","section/retraction","3","coq/V63_record_tuple_054.v","kernel_success","378.5","logs/V63_record_tuple_054.coqc.log"
"V63_record_tuple_055","record-tuple","section/retraction","3","coq/V63_record_tuple_055.v","kernel_success","359.7","logs/V63_record_tuple_055.coqc.log"
"V63_record_tuple_056","record-tuple","section/retraction","3","coq/V63_record_tuple_056.v","kernel_success","354.8","logs/V63_record_tuple_056.coqc.log"
"V63_record_tuple_057","record-tuple","section/retraction","3","coq/V63_record_tuple_057.v","kernel_success","396.3","logs/V63_record_tuple_057.coqc.log"
"V63_record_tuple_058","record-tuple","section/retraction","3","coq/V63_record_tuple_058.v","kernel_success","384","logs/V63_record_tuple_058.coqc.log"
"V63_record_tuple_059","record-tuple","section/retraction","3","coq/V63_record_tuple_059.v","kernel_success","387","logs/V63_record_tuple_059.coqc.log"
"V63_record_tuple_060","record-tuple","section/retraction","3","coq/V63_record_tuple_060.v","kernel_success","400.6","logs/V63_record_tuple_060.coqc.log"
"V63_record_tuple_061","record-tuple","section/retraction","3","coq/V63_record_tuple_061.v","kernel_success","384.3","logs/V63_record_tuple_061.coqc.log"
"V63_record_tuple_062","record-tuple","section/retraction","3","coq/V63_record_tuple_062.v","kernel_success","347.4","logs/V63_record_tuple_062.coqc.log"
"V63_record_tuple_063","record-tuple","section/retraction","3","coq/V63_record_tuple_063.v","kernel_success","389.5","logs/V63_record_tuple_063.coqc.log"
"V63_record_tuple_064","record-tuple","section/retraction","3","coq/V63_record_tuple_064.v","kernel_success","325.1","logs/V63_record_tuple_064.coqc.log"
"V63_record_tuple_065","record-tuple","section/retraction","3","coq/V63_record_tuple_065.v","kernel_success","354.3","logs/V63_record_tuple_065.coqc.log"
"V63_record_tuple_066","record-tuple","section/retraction","3","coq/V63_record_tuple_066.v","kernel_success","351.1","logs/V63_record_tuple_066.coqc.log"
"V63_record_tuple_067","record-tuple","section/retraction","3","coq/V63_record_tuple_067.v","kernel_success","386.8","logs/V63_record_tuple_067.coqc.log"
"V63_record_tuple_068","record-tuple","section/retraction","3","coq/V63_record_tuple_068.v","kernel_success","351.8","logs/V63_record_tuple_068.coqc.log"
"V63_record_tuple_069","record-tuple","section/retraction","3","coq/V63_record_tuple_069.v","kernel_success","384.9","logs/V63_record_tuple_069.coqc.log"
"V63_record_tuple_070","record-tuple","section/retraction","3","coq/V63_record_tuple_070.v","kernel_success","399.1","logs/V63_record_tuple_070.coqc.log"
"V63_record_tuple_071","record-tuple","section/retraction","3","coq/V63_record_tuple_071.v","kernel_success","374.3","logs/V63_record_tuple_071.coqc.log"
"V63_record_tuple_072","record-tuple","section/retraction","3","coq/V63_record_tuple_072.v","kernel_success","376.8","logs/V63_record_tuple_072.coqc.log"
"V63_option_sentinel_001","option-sentinel","partial encoding","3","coq/V63_option_sentinel_001.v","kernel_success","412.5","logs/V63_option_sentinel_001.coqc.log"
"V63_option_sentinel_002","option-sentinel","partial encoding","3","coq/V63_option_sentinel_002.v","kernel_success","347.9","logs/V63_option_sentinel_002.coqc.log"
"V63_option_sentinel_003","option-sentinel","partial encoding","3","coq/V63_option_sentinel_003.v","kernel_success","353.3","logs/V63_option_sentinel_003.coqc.log"
"V63_option_sentinel_004","option-sentinel","partial encoding","3","coq/V63_option_sentinel_004.v","kernel_success","364","logs/V63_option_sentinel_004.coqc.log"
"V63_option_sentinel_005","option-sentinel","partial encoding","3","coq/V63_option_sentinel_005.v","kernel_success","307.7","logs/V63_option_sentinel_005.coqc.log"
"V63_option_sentinel_006","option-sentinel","partial encoding","3","coq/V63_option_sentinel_006.v","kernel_success","365.1","logs/V63_option_sentinel_006.coqc.log"
"V63_option_sentinel_007","option-sentinel","partial encoding","3","coq/V63_option_sentinel_007.v","kernel_success","430.4","logs/V63_option_sentinel_007.coqc.log"
"V63_option_sentinel_008","option-sentinel","partial encoding","3","coq/V63_option_sentinel_008.v","kernel_success","430.5","logs/V63_option_sentinel_008.coqc.log"
"V63_option_sentinel_009","option-sentinel","partial encoding","3","coq/V63_option_sentinel_009.v","kernel_success","413.5","logs/V63_option_sentinel_009.coqc.log"
"V63_option_sentinel_010","option-sentinel","partial encoding","3","coq/V63_option_sentinel_010.v","kernel_success","484.1","logs/V63_option_sentinel_010.coqc.log"
"V63_option_sentinel_011","option-sentinel","partial encoding","3","coq/V63_option_sentinel_011.v","kernel_success","394.7","logs/V63_option_sentinel_011.coqc.log"
"V63_option_sentinel_012","option-sentinel","partial encoding","3","coq/V63_option_sentinel_012.v","kernel_success","388.2","logs/V63_option_sentinel_012.coqc.log"
"V63_option_sentinel_013","option-sentinel","partial encoding","3","coq/V63_option_sentinel_013.v","kernel_success","338.4","logs/V63_option_sentinel_013.coqc.log"
"V63_option_sentinel_014","option-sentinel","partial encoding","3","coq/V63_option_sentinel_014.v","kernel_success","360.8","logs/V63_option_sentinel_014.coqc.log"
"V63_option_sentinel_015","option-sentinel","partial encoding","3","coq/V63_option_sentinel_015.v","kernel_success","393.8","logs/V63_option_sentinel_015.coqc.log"
"V63_option_sentinel_016","option-sentinel","partial encoding","3","coq/V63_option_sentinel_016.v","kernel_success","530.6","logs/V63_option_sentinel_016.coqc.log"
"V63_option_sentinel_017","option-sentinel","partial encoding","3","coq/V63_option_sentinel_017.v","kernel_success","466.2","logs/V63_option_sentinel_017.coqc.log"
"V63_option_sentinel_018","option-sentinel","partial encoding","3","coq/V63_option_sentinel_018.v","kernel_success","642.6","logs/V63_option_sentinel_018.coqc.log"
"V63_option_sentinel_019","option-sentinel","partial encoding","3","coq/V63_option_sentinel_019.v","kernel_success","748.6","logs/V63_option_sentinel_019.coqc.log"
"V63_option_sentinel_020","option-sentinel","partial encoding","3","coq/V63_option_sentinel_020.v","kernel_success","494.7","logs/V63_option_sentinel_020.coqc.log"
"V63_option_sentinel_021","option-sentinel","partial encoding","3","coq/V63_option_sentinel_021.v","kernel_success","438.6","logs/V63_option_sentinel_021.coqc.log"
"V63_option_sentinel_022","option-sentinel","partial encoding","3","coq/V63_option_sentinel_022.v","kernel_success","498.9","logs/V63_option_sentinel_022.coqc.log"
"V63_option_sentinel_023","option-sentinel","partial encoding","3","coq/V63_option_sentinel_023.v","kernel_success","402.3","logs/V63_option_sentinel_023.coqc.log"
"V63_option_sentinel_024","option-sentinel","partial encoding","3","coq/V63_option_sentinel_024.v","kernel_success","342.6","logs/V63_option_sentinel_024.coqc.log"
"V63_option_sentinel_025","option-sentinel","partial encoding","3","coq/V63_option_sentinel_025.v","kernel_success","361.2","logs/V63_option_sentinel_025.coqc.log"
"V63_option_sentinel_026","option-sentinel","partial encoding","3","coq/V63_option_sentinel_026.v","kernel_success","394.8","logs/V63_option_sentinel_026.coqc.log"
"V63_option_sentinel_027","option-sentinel","partial encoding","3","coq/V63_option_sentinel_027.v","kernel_success","405.1","logs/V63_option_sentinel_027.coqc.log"
"V63_option_sentinel_028","option-sentinel","partial encoding","3","coq/V63_option_sentinel_028.v","kernel_success","461.6","logs/V63_option_sentinel_028.coqc.log"
"V63_option_sentinel_029","option-sentinel","partial encoding","3","coq/V63_option_sentinel_029.v","kernel_success","437","logs/V63_option_sentinel_029.coqc.log"
"V63_option_sentinel_030","option-sentinel","partial encoding","3","coq/V63_option_sentinel_030.v","kernel_success","431.6","logs/V63_option_sentinel_030.coqc.log"
"V63_option_sentinel_031","option-sentinel","partial encoding","3","coq/V63_option_sentinel_031.v","kernel_success","392.8","logs/V63_option_sentinel_031.coqc.log"
"V63_option_sentinel_032","option-sentinel","partial encoding","3","coq/V63_option_sentinel_032.v","kernel_success","372.2","logs/V63_option_sentinel_032.coqc.log"
"V63_option_sentinel_033","option-sentinel","partial encoding","3","coq/V63_option_sentinel_033.v","kernel_success","313.2","logs/V63_option_sentinel_033.coqc.log"
"V63_option_sentinel_034","option-sentinel","partial encoding","3","coq/V63_option_sentinel_034.v","kernel_success","304.3","logs/V63_option_sentinel_034.coqc.log"
"V63_option_sentinel_035","option-sentinel","partial encoding","3","coq/V63_option_sentinel_035.v","kernel_success","370.7","logs/V63_option_sentinel_035.coqc.log"
"V63_option_sentinel_036","option-sentinel","partial encoding","3","coq/V63_option_sentinel_036.v","kernel_success","330.5","logs/V63_option_sentinel_036.coqc.log"
"V63_option_sentinel_037","option-sentinel","partial encoding","3","coq/V63_option_sentinel_037.v","kernel_success","379","logs/V63_option_sentinel_037.coqc.log"
"V63_option_sentinel_038","option-sentinel","partial encoding","3","coq/V63_option_sentinel_038.v","kernel_success","357.9","logs/V63_option_sentinel_038.coqc.log"
"V63_option_sentinel_039","option-sentinel","partial encoding","3","coq/V63_option_sentinel_039.v","kernel_success","426.7","logs/V63_option_sentinel_039.coqc.log"
"V63_option_sentinel_040","option-sentinel","partial encoding","3","coq/V63_option_sentinel_040.v","kernel_success","426.9","logs/V63_option_sentinel_040.coqc.log"
"V63_option_sentinel_041","option-sentinel","partial encoding","3","coq/V63_option_sentinel_041.v","kernel_success","388.5","logs/V63_option_sentinel_041.coqc.log"
"V63_option_sentinel_042","option-sentinel","partial encoding","3","coq/V63_option_sentinel_042.v","kernel_success","467.1","logs/V63_option_sentinel_042.coqc.log"
"V63_option_sentinel_043","option-sentinel","partial encoding","3","coq/V63_option_sentinel_043.v","kernel_success","429.8","logs/V63_option_sentinel_043.coqc.log"
"V63_option_sentinel_044","option-sentinel","partial encoding","3","coq/V63_option_sentinel_044.v","kernel_success","361.4","logs/V63_option_sentinel_044.coqc.log"
"V63_option_sentinel_045","option-sentinel","partial encoding","3","coq/V63_option_sentinel_045.v","kernel_success","369.5","logs/V63_option_sentinel_045.coqc.log"
"V63_option_sentinel_046","option-sentinel","partial encoding","3","coq/V63_option_sentinel_046.v","kernel_success","373.5","logs/V63_option_sentinel_046.coqc.log"
"V63_option_sentinel_047","option-sentinel","partial encoding","3","coq/V63_option_sentinel_047.v","kernel_success","331.7","logs/V63_option_sentinel_047.coqc.log"
"V63_option_sentinel_048","option-sentinel","partial encoding","3","coq/V63_option_sentinel_048.v","kernel_success","334.5","logs/V63_option_sentinel_048.coqc.log"
"V63_option_sentinel_049","option-sentinel","partial encoding","3","coq/V63_option_sentinel_049.v","kernel_success","339.1","logs/V63_option_sentinel_049.coqc.log"
"V63_option_sentinel_050","option-sentinel","partial encoding","3","coq/V63_option_sentinel_050.v","kernel_success","357.5","logs/V63_option_sentinel_050.coqc.log"
"V63_option_sentinel_051","option-sentinel","partial encoding","3","coq/V63_option_sentinel_051.v","kernel_success","405.2","logs/V63_option_sentinel_051.coqc.log"
"V63_option_sentinel_052","option-sentinel","partial encoding","3","coq/V63_option_sentinel_052.v","kernel_success","465.6","logs/V63_option_sentinel_052.coqc.log"
"V63_option_sentinel_053","option-sentinel","partial encoding","3","coq/V63_option_sentinel_053.v","kernel_success","487.4","logs/V63_option_sentinel_053.coqc.log"
"V63_option_sentinel_054","option-sentinel","partial encoding","3","coq/V63_option_sentinel_054.v","kernel_success","583.1","logs/V63_option_sentinel_054.coqc.log"
"V63_option_sentinel_055","option-sentinel","partial encoding","3","coq/V63_option_sentinel_055.v","kernel_success","477.7","logs/V63_option_sentinel_055.coqc.log"
"V63_option_sentinel_056","option-sentinel","partial encoding","3","coq/V63_option_sentinel_056.v","kernel_success","851.8","logs/V63_option_sentinel_056.coqc.log"
"V63_option_sentinel_057","option-sentinel","partial encoding","3","coq/V63_option_sentinel_057.v","kernel_success","561.1","logs/V63_option_sentinel_057.coqc.log"
"V63_option_sentinel_058","option-sentinel","partial encoding","3","coq/V63_option_sentinel_058.v","kernel_success","501.4","logs/V63_option_sentinel_058.coqc.log"
"V63_option_sentinel_059","option-sentinel","partial encoding","3","coq/V63_option_sentinel_059.v","kernel_success","448.6","logs/V63_option_sentinel_059.coqc.log"
"V63_option_sentinel_060","option-sentinel","partial encoding","3","coq/V63_option_sentinel_060.v","kernel_success","485","logs/V63_option_sentinel_060.coqc.log"
"V63_option_sentinel_061","option-sentinel","partial encoding","3","coq/V63_option_sentinel_061.v","kernel_success","406.3","logs/V63_option_sentinel_061.coqc.log"
"V63_option_sentinel_062","option-sentinel","partial encoding","3","coq/V63_option_sentinel_062.v","kernel_success","445.5","logs/V63_option_sentinel_062.coqc.log"
"V63_option_sentinel_063","option-sentinel","partial encoding","3","coq/V63_option_sentinel_063.v","kernel_success","436.2","logs/V63_option_sentinel_063.coqc.log"
"V63_option_sentinel_064","option-sentinel","partial encoding","3","coq/V63_option_sentinel_064.v","kernel_success","466.9","logs/V63_option_sentinel_064.coqc.log"
"V63_option_sentinel_065","option-sentinel","partial encoding","3","coq/V63_option_sentinel_065.v","kernel_success","439.4","logs/V63_option_sentinel_065.coqc.log"
"V63_option_sentinel_066","option-sentinel","partial encoding","3","coq/V63_option_sentinel_066.v","kernel_success","465.1","logs/V63_option_sentinel_066.coqc.log"
"V63_option_sentinel_067","option-sentinel","partial encoding","3","coq/V63_option_sentinel_067.v","kernel_success","496","logs/V63_option_sentinel_067.coqc.log"
"V63_option_sentinel_068","option-sentinel","partial encoding","3","coq/V63_option_sentinel_068.v","kernel_success","465","logs/V63_option_sentinel_068.coqc.log"
"V63_option_sentinel_069","option-sentinel","partial encoding","3","coq/V63_option_sentinel_069.v","kernel_success","451.6","logs/V63_option_sentinel_069.coqc.log"
"V63_option_sentinel_070","option-sentinel","partial encoding","3","coq/V63_option_sentinel_070.v","kernel_success","418.1","logs/V63_option_sentinel_070.coqc.log"
"V63_option_sentinel_071","option-sentinel","partial encoding","3","coq/V63_option_sentinel_071.v","kernel_success","420.4","logs/V63_option_sentinel_071.coqc.log"
"V63_option_sentinel_072","option-sentinel","partial encoding","3","coq/V63_option_sentinel_072.v","kernel_success","469","logs/V63_option_sentinel_072.coqc.log"
"V63_assoc_update_001","assoc-update","lookup/update preservation","3","coq/V63_assoc_update_001.v","kernel_success","759.9","logs/V63_assoc_update_001.coqc.log"
"V63_assoc_update_002","assoc-update","lookup/update preservation","3","coq/V63_assoc_update_002.v","kernel_success","612.2","logs/V63_assoc_update_002.coqc.log"
"V63_assoc_update_003","assoc-update","lookup/update preservation","3","coq/V63_assoc_update_003.v","kernel_success","622.9","logs/V63_assoc_update_003.coqc.log"
"V63_assoc_update_004","assoc-update","lookup/update preservation","3","coq/V63_assoc_update_004.v","kernel_success","510.3","logs/V63_assoc_update_004.coqc.log"
"V63_assoc_update_005","assoc-update","lookup/update preservation","3","coq/V63_assoc_update_005.v","kernel_success","602.1","logs/V63_assoc_update_005.coqc.log"
"V63_assoc_update_006","assoc-update","lookup/update preservation","3","coq/V63_assoc_update_006.v","kernel_success","581.5","logs/V63_assoc_update_006.coqc.log"
"V63_assoc_update_007","assoc-update","lookup/update preservation","3","coq/V63_assoc_update_007.v","kernel_success","748.4","logs/V63_assoc_update_007.coqc.log"
"V63_assoc_update_008","assoc-update","lookup/update preservation","3","coq/V63_assoc_update_008.v","kernel_success","803.4","logs/V63_assoc_update_008.coqc.log"
"V63_assoc_update_009","assoc-update","lookup/update preservation","3","coq/V63_assoc_update_009.v","kernel_success","843.2","logs/V63_assoc_update_009.coqc.log"
"V63_assoc_update_010","assoc-update","lookup/update preservation","3","coq/V63_assoc_update_010.v","kernel_success","718","logs/V63_assoc_update_010.coqc.log"
"V63_assoc_update_011","assoc-update","lookup/update preservation","3","coq/V63_assoc_update_011.v","kernel_success","698.2","logs/V63_assoc_update_011.coqc.log"
"V63_assoc_update_012","assoc-update","lookup/update preservation","3","coq/V63_assoc_update_012.v","kernel_success","550.1","logs/V63_assoc_update_012.coqc.log"
"V63_assoc_update_013","assoc-update","lookup/update preservation","3","coq/V63_assoc_update_013.v","kernel_success","563","logs/V63_assoc_update_013.coqc.log"
"V63_assoc_update_014","assoc-update","lookup/update preservation","3","coq/V63_assoc_update_014.v","kernel_success","519.7","logs/V63_assoc_update_014.coqc.log"
"V63_assoc_update_015","assoc-update","lookup/update preservation","3","coq/V63_assoc_update_015.v","kernel_success","574.8","logs/V63_assoc_update_015.coqc.log"
"V63_assoc_update_016","assoc-update","lookup/update preservation","3","coq/V63_assoc_update_016.v","kernel_success","604.7","logs/V63_assoc_update_016.coqc.log"
"V63_assoc_update_017","assoc-update","lookup/update preservation","3","coq/V63_assoc_update_017.v","kernel_success","574.6","logs/V63_assoc_update_017.coqc.log"
"V63_assoc_update_018","assoc-update","lookup/update preservation","3","coq/V63_assoc_update_018.v","kernel_success","611","logs/V63_assoc_update_018.coqc.log"
"V63_assoc_update_019","assoc-update","lookup/update preservation","3","coq/V63_assoc_update_019.v","kernel_success","637.7","logs/V63_assoc_update_019.coqc.log"
"V63_assoc_update_020","assoc-update","lookup/update preservation","3","coq/V63_assoc_update_020.v","kernel_success","596.1","logs/V63_assoc_update_020.coqc.log"
"V63_assoc_update_021","assoc-update","lookup/update preservation","3","coq/V63_assoc_update_021.v","kernel_success","621.4","logs/V63_assoc_update_021.coqc.log"
"V63_assoc_update_022","assoc-update","lookup/update preservation","3","coq/V63_assoc_update_022.v","kernel_success","603.3","logs/V63_assoc_update_022.coqc.log"
"V63_assoc_update_023","assoc-update","lookup/update preservation","3","coq/V63_assoc_update_023.v","kernel_success","731.7","logs/V63_assoc_update_023.coqc.log"
"V63_assoc_update_024","assoc-update","lookup/update preservation","3","coq/V63_assoc_update_024.v","kernel_success","668.3","logs/V63_assoc_update_024.coqc.log"
"V63_assoc_update_025","assoc-update","lookup/update preservation","3","coq/V63_assoc_update_025.v","kernel_success","604.9","logs/V63_assoc_update_025.coqc.log"
"V63_assoc_update_026","assoc-update","lookup/update preservation","3","coq/V63_assoc_update_026.v","kernel_success","603.4","logs/V63_assoc_update_026.coqc.log"
"V63_assoc_update_027","assoc-update","lookup/update preservation","3","coq/V63_assoc_update_027.v","kernel_success","651.7","logs/V63_assoc_update_027.coqc.log"
"V63_assoc_update_028","assoc-update","lookup/update preservation","3","coq/V63_assoc_update_028.v","kernel_success","698.3","logs/V63_assoc_update_028.coqc.log"
"V63_assoc_update_029","assoc-update","lookup/update preservation","3","coq/V63_assoc_update_029.v","kernel_success","813.9","logs/V63_assoc_update_029.coqc.log"
"V63_assoc_update_030","assoc-update","lookup/update preservation","3","coq/V63_assoc_update_030.v","kernel_success","592.1","logs/V63_assoc_update_030.coqc.log"
"V63_assoc_update_031","assoc-update","lookup/update preservation","3","coq/V63_assoc_update_031.v","kernel_success","656.2","logs/V63_assoc_update_031.coqc.log"
"V63_assoc_update_032","assoc-update","lookup/update preservation","3","coq/V63_assoc_update_032.v","kernel_success","547.2","logs/V63_assoc_update_032.coqc.log"
"V63_assoc_update_033","assoc-update","lookup/update preservation","3","coq/V63_assoc_update_033.v","kernel_success","483.7","logs/V63_assoc_update_033.coqc.log"
"V63_assoc_update_034","assoc-update","lookup/update preservation","3","coq/V63_assoc_update_034.v","kernel_success","505.7","logs/V63_assoc_update_034.coqc.log"
"V63_assoc_update_035","assoc-update","lookup/update preservation","3","coq/V63_assoc_update_035.v","kernel_success","518.2","logs/V63_assoc_update_035.coqc.log"
"V63_assoc_update_036","assoc-update","lookup/update preservation","3","coq/V63_assoc_update_036.v","kernel_success","608.8","logs/V63_assoc_update_036.coqc.log"
"V63_assoc_update_037","assoc-update","lookup/update preservation","3","coq/V63_assoc_update_037.v","kernel_success","634.6","logs/V63_assoc_update_037.coqc.log"
"V63_assoc_update_038","assoc-update","lookup/update preservation","3","coq/V63_assoc_update_038.v","kernel_success","655.4","logs/V63_assoc_update_038.coqc.log"
"V63_assoc_update_039","assoc-update","lookup/update preservation","3","coq/V63_assoc_update_039.v","kernel_success","619.7","logs/V63_assoc_update_039.coqc.log"
"V63_assoc_update_040","assoc-update","lookup/update preservation","3","coq/V63_assoc_update_040.v","kernel_success","544.3","logs/V63_assoc_update_040.coqc.log"
"V63_assoc_update_041","assoc-update","lookup/update preservation","3","coq/V63_assoc_update_041.v","kernel_success","507.9","logs/V63_assoc_update_041.coqc.log"
"V63_assoc_update_042","assoc-update","lookup/update preservation","3","coq/V63_assoc_update_042.v","kernel_success","490.4","logs/V63_assoc_update_042.coqc.log"
"V63_assoc_update_043","assoc-update","lookup/update preservation","3","coq/V63_assoc_update_043.v","kernel_success","473.1","logs/V63_assoc_update_043.coqc.log"
"V63_assoc_update_044","assoc-update","lookup/update preservation","3","coq/V63_assoc_update_044.v","kernel_success","514","logs/V63_assoc_update_044.coqc.log"
"V63_assoc_update_045","assoc-update","lookup/update preservation","3","coq/V63_assoc_update_045.v","kernel_success","536.8","logs/V63_assoc_update_045.coqc.log"
"V63_assoc_update_046","assoc-update","lookup/update preservation","3","coq/V63_assoc_update_046.v","kernel_success","680.4","logs/V63_assoc_update_046.coqc.log"
"V63_assoc_update_047","assoc-update","lookup/update preservation","3","coq/V63_assoc_update_047.v","kernel_success","722","logs/V63_assoc_update_047.coqc.log"
"V63_assoc_update_048","assoc-update","lookup/update preservation","3","coq/V63_assoc_update_048.v","kernel_success","736.1","logs/V63_assoc_update_048.coqc.log"
"V63_assoc_update_049","assoc-update","lookup/update preservation","3","coq/V63_assoc_update_049.v","kernel_success","710.1","logs/V63_assoc_update_049.coqc.log"
"V63_assoc_update_050","assoc-update","lookup/update preservation","3","coq/V63_assoc_update_050.v","kernel_success","693.8","logs/V63_assoc_update_050.coqc.log"
"V63_assoc_update_051","assoc-update","lookup/update preservation","3","coq/V63_assoc_update_051.v","kernel_success","702.5","logs/V63_assoc_update_051.coqc.log"
"V63_assoc_update_052","assoc-update","lookup/update preservation","3","coq/V63_assoc_update_052.v","kernel_success","640.7","logs/V63_assoc_update_052.coqc.log"
"V63_assoc_update_053","assoc-update","lookup/update preservation","3","coq/V63_assoc_update_053.v","kernel_success","706.9","logs/V63_assoc_update_053.coqc.log"
"V63_assoc_update_054","assoc-update","lookup/update preservation","3","coq/V63_assoc_update_054.v","kernel_success","801.7","logs/V63_assoc_update_054.coqc.log"
"V63_assoc_update_055","assoc-update","lookup/update preservation","3","coq/V63_assoc_update_055.v","kernel_success","745.5","logs/V63_assoc_update_055.coqc.log"
"V63_assoc_update_056","assoc-update","lookup/update preservation","3","coq/V63_assoc_update_056.v","kernel_success","792.9","logs/V63_assoc_update_056.coqc.log"
"V63_assoc_update_057","assoc-update","lookup/update preservation","3","coq/V63_assoc_update_057.v","kernel_success","700.8","logs/V63_assoc_update_057.coqc.log"
"V63_assoc_update_058","assoc-update","lookup/update preservation","3","coq/V63_assoc_update_058.v","kernel_success","580","logs/V63_assoc_update_058.coqc.log"
"V63_assoc_update_059","assoc-update","lookup/update preservation","3","coq/V63_assoc_update_059.v","kernel_success","612.2","logs/V63_assoc_update_059.coqc.log"
"V63_assoc_update_060","assoc-update","lookup/update preservation","3","coq/V63_assoc_update_060.v","kernel_success","692.5","logs/V63_assoc_update_060.coqc.log"
"V63_assoc_update_061","assoc-update","lookup/update preservation","3","coq/V63_assoc_update_061.v","kernel_success","716.6","logs/V63_assoc_update_061.coqc.log"
"V63_assoc_update_062","assoc-update","lookup/update preservation","3","coq/V63_assoc_update_062.v","kernel_success","726.6","logs/V63_assoc_update_062.coqc.log"
"V63_assoc_update_063","assoc-update","lookup/update preservation","3","coq/V63_assoc_update_063.v","kernel_success","639.2","logs/V63_assoc_update_063.coqc.log"
"V63_assoc_update_064","assoc-update","lookup/update preservation","3","coq/V63_assoc_update_064.v","kernel_success","617.9","logs/V63_assoc_update_064.coqc.log"
"V63_assoc_update_065","assoc-update","lookup/update preservation","3","coq/V63_assoc_update_065.v","kernel_success","584.7","logs/V63_assoc_update_065.coqc.log"
"V63_assoc_update_066","assoc-update","lookup/update preservation","3","coq/V63_assoc_update_066.v","kernel_success","611","logs/V63_assoc_update_066.coqc.log"
"V63_assoc_update_067","assoc-update","lookup/update preservation","3","coq/V63_assoc_update_067.v","kernel_success","536.3","logs/V63_assoc_update_067.coqc.log"
"V63_assoc_update_068","assoc-update","lookup/update preservation","3","coq/V63_assoc_update_068.v","kernel_success","616.2","logs/V63_assoc_update_068.coqc.log"
"V63_assoc_update_069","assoc-update","lookup/update preservation","3","coq/V63_assoc_update_069.v","kernel_success","704.6","logs/V63_assoc_update_069.coqc.log"
"V63_assoc_update_070","assoc-update","lookup/update preservation","3","coq/V63_assoc_update_070.v","kernel_success","725.2","logs/V63_assoc_update_070.coqc.log"
"V63_assoc_update_071","assoc-update","lookup/update preservation","3","coq/V63_assoc_update_071.v","kernel_success","734.4","logs/V63_assoc_update_071.coqc.log"
"V63_assoc_update_072","assoc-update","lookup/update preservation","3","coq/V63_assoc_update_072.v","kernel_success","724.5","logs/V63_assoc_update_072.coqc.log"
"V63_tree_mirror_001","tree-mirror","structural involution","3","coq/V63_tree_mirror_001.v","kernel_success","672","logs/V63_tree_mirror_001.coqc.log"
"V63_tree_mirror_002","tree-mirror","structural involution","3","coq/V63_tree_mirror_002.v","kernel_success","758.4","logs/V63_tree_mirror_002.coqc.log"
"V63_tree_mirror_003","tree-mirror","structural involution","3","coq/V63_tree_mirror_003.v","kernel_success","576.2","logs/V63_tree_mirror_003.coqc.log"
"V63_tree_mirror_004","tree-mirror","structural involution","3","coq/V63_tree_mirror_004.v","kernel_success","596.7","logs/V63_tree_mirror_004.coqc.log"
"V63_tree_mirror_005","tree-mirror","structural involution","3","coq/V63_tree_mirror_005.v","kernel_success","625.4","logs/V63_tree_mirror_005.coqc.log"
"V63_tree_mirror_006","tree-mirror","structural involution","3","coq/V63_tree_mirror_006.v","kernel_success","629.3","logs/V63_tree_mirror_006.coqc.log"
"V63_tree_mirror_007","tree-mirror","structural involution","3","coq/V63_tree_mirror_007.v","kernel_success","654.2","logs/V63_tree_mirror_007.coqc.log"
"V63_tree_mirror_008","tree-mirror","structural involution","3","coq/V63_tree_mirror_008.v","kernel_success","651.7","logs/V63_tree_mirror_008.coqc.log"
"V63_tree_mirror_009","tree-mirror","structural involution","3","coq/V63_tree_mirror_009.v","kernel_success","618.7","logs/V63_tree_mirror_009.coqc.log"
"V63_tree_mirror_010","tree-mirror","structural involution","3","coq/V63_tree_mirror_010.v","kernel_success","594.4","logs/V63_tree_mirror_010.coqc.log"
"V63_tree_mirror_011","tree-mirror","structural involution","3","coq/V63_tree_mirror_011.v","kernel_success","646.7","logs/V63_tree_mirror_011.coqc.log"
"V63_tree_mirror_012","tree-mirror","structural involution","3","coq/V63_tree_mirror_012.v","kernel_success","605.9","logs/V63_tree_mirror_012.coqc.log"
"V63_tree_mirror_013","tree-mirror","structural involution","3","coq/V63_tree_mirror_013.v","kernel_success","615.2","logs/V63_tree_mirror_013.coqc.log"
"V63_tree_mirror_014","tree-mirror","structural involution","3","coq/V63_tree_mirror_014.v","kernel_success","662.6","logs/V63_tree_mirror_014.coqc.log"
"V63_tree_mirror_015","tree-mirror","structural involution","3","coq/V63_tree_mirror_015.v","kernel_success","635.1","logs/V63_tree_mirror_015.coqc.log"
"V63_tree_mirror_016","tree-mirror","structural involution","3","coq/V63_tree_mirror_016.v","kernel_success","658.6","logs/V63_tree_mirror_016.coqc.log"
"V63_tree_mirror_017","tree-mirror","structural involution","3","coq/V63_tree_mirror_017.v","kernel_success","619.6","logs/V63_tree_mirror_017.coqc.log"
"V63_tree_mirror_018","tree-mirror","structural involution","3","coq/V63_tree_mirror_018.v","kernel_success","611.7","logs/V63_tree_mirror_018.coqc.log"
"V63_tree_mirror_019","tree-mirror","structural involution","3","coq/V63_tree_mirror_019.v","kernel_success","591.8","logs/V63_tree_mirror_019.coqc.log"
"V63_tree_mirror_020","tree-mirror","structural involution","3","coq/V63_tree_mirror_020.v","kernel_success","532.2","logs/V63_tree_mirror_020.coqc.log"
"V63_tree_mirror_021","tree-mirror","structural involution","3","coq/V63_tree_mirror_021.v","kernel_success","572.9","logs/V63_tree_mirror_021.coqc.log"
"V63_tree_mirror_022","tree-mirror","structural involution","3","coq/V63_tree_mirror_022.v","kernel_success","592.9","logs/V63_tree_mirror_022.coqc.log"
"V63_tree_mirror_023","tree-mirror","structural involution","3","coq/V63_tree_mirror_023.v","kernel_success","576.9","logs/V63_tree_mirror_023.coqc.log"
"V63_tree_mirror_024","tree-mirror","structural involution","3","coq/V63_tree_mirror_024.v","kernel_success","586.2","logs/V63_tree_mirror_024.coqc.log"
"V63_tree_mirror_025","tree-mirror","structural involution","3","coq/V63_tree_mirror_025.v","kernel_success","504.4","logs/V63_tree_mirror_025.coqc.log"
"V63_tree_mirror_026","tree-mirror","structural involution","3","coq/V63_tree_mirror_026.v","kernel_success","578","logs/V63_tree_mirror_026.coqc.log"
"V63_tree_mirror_027","tree-mirror","structural involution","3","coq/V63_tree_mirror_027.v","kernel_success","574.1","logs/V63_tree_mirror_027.coqc.log"
"V63_tree_mirror_028","tree-mirror","structural involution","3","coq/V63_tree_mirror_028.v","kernel_success","560.7","logs/V63_tree_mirror_028.coqc.log"
"V63_tree_mirror_029","tree-mirror","structural involution","3","coq/V63_tree_mirror_029.v","kernel_success","494.1","logs/V63_tree_mirror_029.coqc.log"
"V63_tree_mirror_030","tree-mirror","structural involution","3","coq/V63_tree_mirror_030.v","kernel_success","510.4","logs/V63_tree_mirror_030.coqc.log"
"V63_tree_mirror_031","tree-mirror","structural involution","3","coq/V63_tree_mirror_031.v","kernel_success","520.1","logs/V63_tree_mirror_031.coqc.log"
"V63_tree_mirror_032","tree-mirror","structural involution","3","coq/V63_tree_mirror_032.v","kernel_success","553.5","logs/V63_tree_mirror_032.coqc.log"
"V63_tree_mirror_033","tree-mirror","structural involution","3","coq/V63_tree_mirror_033.v","kernel_success","532.2","logs/V63_tree_mirror_033.coqc.log"
"V63_tree_mirror_034","tree-mirror","structural involution","3","coq/V63_tree_mirror_034.v","kernel_success","491.4","logs/V63_tree_mirror_034.coqc.log"
"V63_tree_mirror_035","tree-mirror","structural involution","3","coq/V63_tree_mirror_035.v","kernel_success","437","logs/V63_tree_mirror_035.coqc.log"
"V63_tree_mirror_036","tree-mirror","structural involution","3","coq/V63_tree_mirror_036.v","kernel_success","471.3","logs/V63_tree_mirror_036.coqc.log"
"V63_tree_mirror_037","tree-mirror","structural involution","3","coq/V63_tree_mirror_037.v","kernel_success","475","logs/V63_tree_mirror_037.coqc.log"
"V63_tree_mirror_038","tree-mirror","structural involution","3","coq/V63_tree_mirror_038.v","kernel_success","483.1","logs/V63_tree_mirror_038.coqc.log"
"V63_tree_mirror_039","tree-mirror","structural involution","3","coq/V63_tree_mirror_039.v","kernel_success","536.1","logs/V63_tree_mirror_039.coqc.log"
"V63_tree_mirror_040","tree-mirror","structural involution","3","coq/V63_tree_mirror_040.v","kernel_success","524.8","logs/V63_tree_mirror_040.coqc.log"
"V63_tree_mirror_041","tree-mirror","structural involution","3","coq/V63_tree_mirror_041.v","kernel_success","671.6","logs/V63_tree_mirror_041.coqc.log"
"V63_tree_mirror_042","tree-mirror","structural involution","3","coq/V63_tree_mirror_042.v","kernel_success","640","logs/V63_tree_mirror_042.coqc.log"
"V63_tree_mirror_043","tree-mirror","structural involution","3","coq/V63_tree_mirror_043.v","kernel_success","657.4","logs/V63_tree_mirror_043.coqc.log"
"V63_tree_mirror_044","tree-mirror","structural involution","3","coq/V63_tree_mirror_044.v","kernel_success","623.7","logs/V63_tree_mirror_044.coqc.log"
"V63_tree_mirror_045","tree-mirror","structural involution","3","coq/V63_tree_mirror_045.v","kernel_success","678.6","logs/V63_tree_mirror_045.coqc.log"
"V63_tree_mirror_046","tree-mirror","structural involution","3","coq/V63_tree_mirror_046.v","kernel_success","562.5","logs/V63_tree_mirror_046.coqc.log"
"V63_tree_mirror_047","tree-mirror","structural involution","3","coq/V63_tree_mirror_047.v","kernel_success","540.8","logs/V63_tree_mirror_047.coqc.log"
"V63_tree_mirror_048","tree-mirror","structural involution","3","coq/V63_tree_mirror_048.v","kernel_success","533.2","logs/V63_tree_mirror_048.coqc.log"
"V63_tree_mirror_049","tree-mirror","structural involution","3","coq/V63_tree_mirror_049.v","kernel_success","526.3","logs/V63_tree_mirror_049.coqc.log"
"V63_tree_mirror_050","tree-mirror","structural involution","3","coq/V63_tree_mirror_050.v","kernel_success","595.5","logs/V63_tree_mirror_050.coqc.log"
"V63_tree_mirror_051","tree-mirror","structural involution","3","coq/V63_tree_mirror_051.v","kernel_success","530.9","logs/V63_tree_mirror_051.coqc.log"
"V63_tree_mirror_052","tree-mirror","structural involution","3","coq/V63_tree_mirror_052.v","kernel_success","629.4","logs/V63_tree_mirror_052.coqc.log"
"V63_tree_mirror_053","tree-mirror","structural involution","3","coq/V63_tree_mirror_053.v","kernel_success","498.1","logs/V63_tree_mirror_053.coqc.log"
"V63_tree_mirror_054","tree-mirror","structural involution","3","coq/V63_tree_mirror_054.v","kernel_success","463.7","logs/V63_tree_mirror_054.coqc.log"
"V63_tree_mirror_055","tree-mirror","structural involution","3","coq/V63_tree_mirror_055.v","kernel_success","467.1","logs/V63_tree_mirror_055.coqc.log"
"V63_tree_mirror_056","tree-mirror","structural involution","3","coq/V63_tree_mirror_056.v","kernel_success","483.6","logs/V63_tree_mirror_056.coqc.log"
"V63_tree_mirror_057","tree-mirror","structural involution","3","coq/V63_tree_mirror_057.v","kernel_success","506.3","logs/V63_tree_mirror_057.coqc.log"
"V63_tree_mirror_058","tree-mirror","structural involution","3","coq/V63_tree_mirror_058.v","kernel_success","589","logs/V63_tree_mirror_058.coqc.log"
"V63_tree_mirror_059","tree-mirror","structural involution","3","coq/V63_tree_mirror_059.v","kernel_success","578","logs/V63_tree_mirror_059.coqc.log"
"V63_tree_mirror_060","tree-mirror","structural involution","3","coq/V63_tree_mirror_060.v","kernel_success","666.7","logs/V63_tree_mirror_060.coqc.log"
"V63_tree_mirror_061","tree-mirror","structural involution","3","coq/V63_tree_mirror_061.v","kernel_success","702.4","logs/V63_tree_mirror_061.coqc.log"
"V63_tree_mirror_062","tree-mirror","structural involution","3","coq/V63_tree_mirror_062.v","kernel_success","798.4","logs/V63_tree_mirror_062.coqc.log"
"V63_tree_mirror_063","tree-mirror","structural involution","3","coq/V63_tree_mirror_063.v","kernel_success","699.8","logs/V63_tree_mirror_063.coqc.log"
"V63_tree_mirror_064","tree-mirror","structural involution","3","coq/V63_tree_mirror_064.v","kernel_success","682.5","logs/V63_tree_mirror_064.coqc.log"
"V63_tree_mirror_065","tree-mirror","structural involution","3","coq/V63_tree_mirror_065.v","kernel_success","569.6","logs/V63_tree_mirror_065.coqc.log"
"V63_tree_mirror_066","tree-mirror","structural involution","3","coq/V63_tree_mirror_066.v","kernel_success","499.7","logs/V63_tree_mirror_066.coqc.log"
"V63_tree_mirror_067","tree-mirror","structural involution","3","coq/V63_tree_mirror_067.v","kernel_success","512.4","logs/V63_tree_mirror_067.coqc.log"
"V63_tree_mirror_068","tree-mirror","structural involution","3","coq/V63_tree_mirror_068.v","kernel_success","587","logs/V63_tree_mirror_068.coqc.log"
"V63_tree_mirror_069","tree-mirror","structural involution","3","coq/V63_tree_mirror_069.v","kernel_success","572.2","logs/V63_tree_mirror_069.coqc.log"
"V63_tree_mirror_070","tree-mirror","structural involution","3","coq/V63_tree_mirror_070.v","kernel_success","605.2","logs/V63_tree_mirror_070.coqc.log"
"V63_tree_mirror_071","tree-mirror","structural involution","3","coq/V63_tree_mirror_071.v","kernel_success","578.4","logs/V63_tree_mirror_071.coqc.log"
"V63_tree_mirror_072","tree-mirror","structural involution","3","coq/V63_tree_mirror_072.v","kernel_success","578.8","logs/V63_tree_mirror_072.coqc.log"
"V63_accumulator_001","accumulator","algorithm refinement","3","coq/V63_accumulator_001.v","kernel_success","1799.6","logs/V63_accumulator_001.coqc.log"
"V63_accumulator_002","accumulator","algorithm refinement","3","coq/V63_accumulator_002.v","kernel_success","1519.9","logs/V63_accumulator_002.coqc.log"
"V63_accumulator_003","accumulator","algorithm refinement","3","coq/V63_accumulator_003.v","kernel_success","1519.6","logs/V63_accumulator_003.coqc.log"
"V63_accumulator_004","accumulator","algorithm refinement","3","coq/V63_accumulator_004.v","kernel_success","1522","logs/V63_accumulator_004.coqc.log"
"V63_accumulator_005","accumulator","algorithm refinement","3","coq/V63_accumulator_005.v","kernel_success","1530.6","logs/V63_accumulator_005.coqc.log"
"V63_accumulator_006","accumulator","algorithm refinement","3","coq/V63_accumulator_006.v","kernel_success","1700.8","logs/V63_accumulator_006.coqc.log"
"V63_accumulator_007","accumulator","algorithm refinement","3","coq/V63_accumulator_007.v","kernel_success","1303.1","logs/V63_accumulator_007.coqc.log"
"V63_accumulator_008","accumulator","algorithm refinement","3","coq/V63_accumulator_008.v","kernel_success","1430.3","logs/V63_accumulator_008.coqc.log"
"V63_accumulator_009","accumulator","algorithm refinement","3","coq/V63_accumulator_009.v","kernel_success","1510.8","logs/V63_accumulator_009.coqc.log"
"V63_accumulator_010","accumulator","algorithm refinement","3","coq/V63_accumulator_010.v","kernel_success","1334.4","logs/V63_accumulator_010.coqc.log"
"V63_accumulator_011","accumulator","algorithm refinement","3","coq/V63_accumulator_011.v","kernel_success","1333.4","logs/V63_accumulator_011.coqc.log"
"V63_accumulator_012","accumulator","algorithm refinement","3","coq/V63_accumulator_012.v","kernel_success","1399.6","logs/V63_accumulator_012.coqc.log"
"V63_accumulator_013","accumulator","algorithm refinement","3","coq/V63_accumulator_013.v","kernel_success","1419.5","logs/V63_accumulator_013.coqc.log"
"V63_accumulator_014","accumulator","algorithm refinement","3","coq/V63_accumulator_014.v","kernel_success","1514.8","logs/V63_accumulator_014.coqc.log"
"V63_accumulator_015","accumulator","algorithm refinement","3","coq/V63_accumulator_015.v","kernel_success","1505.7","logs/V63_accumulator_015.coqc.log"
"V63_accumulator_016","accumulator","algorithm refinement","3","coq/V63_accumulator_016.v","kernel_success","1557","logs/V63_accumulator_016.coqc.log"
"V63_accumulator_017","accumulator","algorithm refinement","3","coq/V63_accumulator_017.v","kernel_success","1541.8","logs/V63_accumulator_017.coqc.log"
"V63_accumulator_018","accumulator","algorithm refinement","3","coq/V63_accumulator_018.v","kernel_success","1625.2","logs/V63_accumulator_018.coqc.log"
"V63_accumulator_019","accumulator","algorithm refinement","3","coq/V63_accumulator_019.v","kernel_success","1447.5","logs/V63_accumulator_019.coqc.log"
"V63_accumulator_020","accumulator","algorithm refinement","3","coq/V63_accumulator_020.v","kernel_success","1640.4","logs/V63_accumulator_020.coqc.log"
"V63_accumulator_021","accumulator","algorithm refinement","3","coq/V63_accumulator_021.v","kernel_success","1640.1","logs/V63_accumulator_021.coqc.log"
"V63_accumulator_022","accumulator","algorithm refinement","3","coq/V63_accumulator_022.v","kernel_success","1856.6","logs/V63_accumulator_022.coqc.log"
"V63_accumulator_023","accumulator","algorithm refinement","3","coq/V63_accumulator_023.v","kernel_success","1571.8","logs/V63_accumulator_023.coqc.log"
"V63_accumulator_024","accumulator","algorithm refinement","3","coq/V63_accumulator_024.v","kernel_success","1731.4","logs/V63_accumulator_024.coqc.log"
"V63_accumulator_025","accumulator","algorithm refinement","3","coq/V63_accumulator_025.v","kernel_success","1714.3","logs/V63_accumulator_025.coqc.log"
"V63_accumulator_026","accumulator","algorithm refinement","3","coq/V63_accumulator_026.v","kernel_success","1395.9","logs/V63_accumulator_026.coqc.log"
"V63_accumulator_027","accumulator","algorithm refinement","3","coq/V63_accumulator_027.v","kernel_success","1495.5","logs/V63_accumulator_027.coqc.log"
"V63_accumulator_028","accumulator","algorithm refinement","3","coq/V63_accumulator_028.v","kernel_success","1535.7","logs/V63_accumulator_028.coqc.log"
"V63_accumulator_029","accumulator","algorithm refinement","3","coq/V63_accumulator_029.v","kernel_success","1418.9","logs/V63_accumulator_029.coqc.log"
"V63_accumulator_030","accumulator","algorithm refinement","3","coq/V63_accumulator_030.v","kernel_success","1495.9","logs/V63_accumulator_030.coqc.log"
"V63_accumulator_031","accumulator","algorithm refinement","3","coq/V63_accumulator_031.v","kernel_success","1665.6","logs/V63_accumulator_031.coqc.log"
"V63_accumulator_032","accumulator","algorithm refinement","3","coq/V63_accumulator_032.v","kernel_success","1902.3","logs/V63_accumulator_032.coqc.log"
"V63_accumulator_033","accumulator","algorithm refinement","3","coq/V63_accumulator_033.v","kernel_success","2087.8","logs/V63_accumulator_033.coqc.log"
"V63_accumulator_034","accumulator","algorithm refinement","3","coq/V63_accumulator_034.v","kernel_success","1906.2","logs/V63_accumulator_034.coqc.log"
"V63_accumulator_035","accumulator","algorithm refinement","3","coq/V63_accumulator_035.v","kernel_success","1628.6","logs/V63_accumulator_035.coqc.log"
"V63_accumulator_036","accumulator","algorithm refinement","3","coq/V63_accumulator_036.v","kernel_success","1555.9","logs/V63_accumulator_036.coqc.log"
"V63_accumulator_037","accumulator","algorithm refinement","3","coq/V63_accumulator_037.v","kernel_success","1516.7","logs/V63_accumulator_037.coqc.log"
"V63_accumulator_038","accumulator","algorithm refinement","3","coq/V63_accumulator_038.v","kernel_success","1673.2","logs/V63_accumulator_038.coqc.log"
"V63_accumulator_039","accumulator","algorithm refinement","3","coq/V63_accumulator_039.v","kernel_success","1874.9","logs/V63_accumulator_039.coqc.log"
"V63_accumulator_040","accumulator","algorithm refinement","3","coq/V63_accumulator_040.v","kernel_success","1991.6","logs/V63_accumulator_040.coqc.log"
"V63_accumulator_041","accumulator","algorithm refinement","3","coq/V63_accumulator_041.v","kernel_success","1735.4","logs/V63_accumulator_041.coqc.log"
"V63_accumulator_042","accumulator","algorithm refinement","3","coq/V63_accumulator_042.v","kernel_success","1803.3","logs/V63_accumulator_042.coqc.log"
"V63_accumulator_043","accumulator","algorithm refinement","3","coq/V63_accumulator_043.v","kernel_success","1472.6","logs/V63_accumulator_043.coqc.log"
"V63_accumulator_044","accumulator","algorithm refinement","3","coq/V63_accumulator_044.v","kernel_success","1611.6","logs/V63_accumulator_044.coqc.log"
"V63_accumulator_045","accumulator","algorithm refinement","3","coq/V63_accumulator_045.v","kernel_success","1751.6","logs/V63_accumulator_045.coqc.log"
"V63_accumulator_046","accumulator","algorithm refinement","3","coq/V63_accumulator_046.v","kernel_success","1818.2","logs/V63_accumulator_046.coqc.log"
"V63_accumulator_047","accumulator","algorithm refinement","3","coq/V63_accumulator_047.v","kernel_success","1748.6","logs/V63_accumulator_047.coqc.log"
"V63_accumulator_048","accumulator","algorithm refinement","3","coq/V63_accumulator_048.v","kernel_success","1613.5","logs/V63_accumulator_048.coqc.log"
"V63_accumulator_049","accumulator","algorithm refinement","3","coq/V63_accumulator_049.v","kernel_success","1855.1","logs/V63_accumulator_049.coqc.log"
"V63_accumulator_050","accumulator","algorithm refinement","3","coq/V63_accumulator_050.v","kernel_success","1815.3","logs/V63_accumulator_050.coqc.log"
"V63_accumulator_051","accumulator","algorithm refinement","3","coq/V63_accumulator_051.v","kernel_success","1684.3","logs/V63_accumulator_051.coqc.log"
"V63_accumulator_052","accumulator","algorithm refinement","3","coq/V63_accumulator_052.v","kernel_success","1963","logs/V63_accumulator_052.coqc.log"
"V63_accumulator_053","accumulator","algorithm refinement","3","coq/V63_accumulator_053.v","kernel_success","1781.5","logs/V63_accumulator_053.coqc.log"
"V63_accumulator_054","accumulator","algorithm refinement","3","coq/V63_accumulator_054.v","kernel_success","1657.7","logs/V63_accumulator_054.coqc.log"
"V63_accumulator_055","accumulator","algorithm refinement","3","coq/V63_accumulator_055.v","kernel_success","1850","logs/V63_accumulator_055.coqc.log"
"V63_accumulator_056","accumulator","algorithm refinement","3","coq/V63_accumulator_056.v","kernel_success","1775.4","logs/V63_accumulator_056.coqc.log"
"V63_accumulator_057","accumulator","algorithm refinement","3","coq/V63_accumulator_057.v","kernel_success","1620.8","logs/V63_accumulator_057.coqc.log"
"V63_accumulator_058","accumulator","algorithm refinement","3","coq/V63_accumulator_058.v","kernel_success","2008.3","logs/V63_accumulator_058.coqc.log"
"V63_accumulator_059","accumulator","algorithm refinement","3","coq/V63_accumulator_059.v","kernel_success","1837.9","logs/V63_accumulator_059.coqc.log"
"V63_accumulator_060","accumulator","algorithm refinement","3","coq/V63_accumulator_060.v","kernel_success","1616","logs/V63_accumulator_060.coqc.log"
"V63_accumulator_061","accumulator","algorithm refinement","3","coq/V63_accumulator_061.v","kernel_success","1558.4","logs/V63_accumulator_061.coqc.log"
"V63_accumulator_062","accumulator","algorithm refinement","3","coq/V63_accumulator_062.v","kernel_success","1341.7","logs/V63_accumulator_062.coqc.log"
"V63_accumulator_063","accumulator","algorithm refinement","3","coq/V63_accumulator_063.v","kernel_success","1358.7","logs/V63_accumulator_063.coqc.log"
"V63_accumulator_064","accumulator","algorithm refinement","3","coq/V63_accumulator_064.v","kernel_success","1572","logs/V63_accumulator_064.coqc.log"
"V63_accumulator_065","accumulator","algorithm refinement","3","coq/V63_accumulator_065.v","kernel_success","1512.4","logs/V63_accumulator_065.coqc.log"
"V63_accumulator_066","accumulator","algorithm refinement","3","coq/V63_accumulator_066.v","kernel_success","1632.9","logs/V63_accumulator_066.coqc.log"
"V63_accumulator_067","accumulator","algorithm refinement","3","coq/V63_accumulator_067.v","kernel_success","1436.6","logs/V63_accumulator_067.coqc.log"
"V63_accumulator_068","accumulator","algorithm refinement","3","coq/V63_accumulator_068.v","kernel_success","1495.9","logs/V63_accumulator_068.coqc.log"
"V63_accumulator_069","accumulator","algorithm refinement","3","coq/V63_accumulator_069.v","kernel_success","1673.3","logs/V63_accumulator_069.coqc.log"
"V63_accumulator_070","accumulator","algorithm refinement","3","coq/V63_accumulator_070.v","kernel_success","1647.7","logs/V63_accumulator_070.coqc.log"
"V63_accumulator_071","accumulator","algorithm refinement","3","coq/V63_accumulator_071.v","kernel_success","1438.5","logs/V63_accumulator_071.coqc.log"
"V63_accumulator_072","accumulator","algorithm refinement","3","coq/V63_accumulator_072.v","kernel_success","1571.2","logs/V63_accumulator_072.coqc.log"
