"module","family","obligations","coqc_status","coqc_ms","coqc_log","coqchk_status","coqchk_log"
"V65_LIST_MAP_001","list-map","2","kernel_success","822.3","logs/V65_LIST_MAP_001.coqc.log","coqchk_success","logs/V65_BATCH.coqchk.log"
"V65_LIST_MAP_002","list-map","2","kernel_success","749.7","logs/V65_LIST_MAP_002.coqc.log","coqchk_success","logs/V65_BATCH.coqchk.log"
"V65_LIST_MAP_003","list-map","2","kernel_success","745.5","logs/V65_LIST_MAP_003.coqc.log","coqchk_success","logs/V65_BATCH.coqchk.log"
"V65_LIST_MAP_004","list-map","2","kernel_success","647.8","logs/V65_LIST_MAP_004.coqc.log","coqchk_success","logs/V65_BATCH.coqchk.log"
"V65_LIST_MAP_005","list-map","2","kernel_success","693.2","logs/V65_LIST_MAP_005.coqc.log","coqchk_success","logs/V65_BATCH.coqchk.log"
"V65_LIST_MAP_006","list-map","2","kernel_success","722.2","logs/V65_LIST_MAP_006.coqc.log","coqchk_success","logs/V65_BATCH.coqchk.log"
"V65_LIST_MAP_007","list-map","2","kernel_success","793.7","logs/V65_LIST_MAP_007.coqc.log","coqchk_success","logs/V65_BATCH.coqchk.log"
"V65_LIST_MAP_008","list-map","2","kernel_success","779.7","logs/V65_LIST_MAP_008.coqc.log","coqchk_success","logs/V65_BATCH.coqchk.log"
"V65_LIST_MAP_009","list-map","2","kernel_success","769.9","logs/V65_LIST_MAP_009.coqc.log","coqchk_success","logs/V65_BATCH.coqchk.log"
"V65_LIST_MAP_010","list-map","2","kernel_success","738.1","logs/V65_LIST_MAP_010.coqc.log","coqchk_success","logs/V65_BATCH.coqchk.log"
"V65_LIST_MAP_011","list-map","2","kernel_success","725.4","logs/V65_LIST_MAP_011.coqc.log","coqchk_success","logs/V65_BATCH.coqchk.log"
"V65_LIST_MAP_012","list-map","2","kernel_success","650.6","logs/V65_LIST_MAP_012.coqc.log","coqchk_success","logs/V65_BATCH.coqchk.log"
"V65_LIST_MAP_013","list-map","2","kernel_success","642","logs/V65_LIST_MAP_013.coqc.log","coqchk_success","logs/V65_BATCH.coqchk.log"
"V65_LIST_MAP_014","list-map","2","kernel_success","585.3","logs/V65_LIST_MAP_014.coqc.log","coqchk_success","logs/V65_BATCH.coqchk.log"
"V65_LIST_MAP_015","list-map","2","kernel_success","626.4","logs/V65_LIST_MAP_015.coqc.log","coqchk_success","logs/V65_BATCH.coqchk.log"
"V65_LIST_MAP_016","list-map","2","kernel_success","670.3","logs/V65_LIST_MAP_016.coqc.log","coqchk_success","logs/V65_BATCH.coqchk.log"
"V65_LIST_MAP_017","list-map","2","kernel_success","671.7","logs/V65_LIST_MAP_017.coqc.log","coqchk_success","logs/V65_BATCH.coqchk.log"
"V65_LIST_MAP_018","list-map","2","kernel_success","654.9","logs/V65_LIST_MAP_018.coqc.log","coqchk_success","logs/V65_BATCH.coqchk.log"
"V65_LIST_MAP_019","list-map","2","kernel_success","654.5","logs/V65_LIST_MAP_019.coqc.log","coqchk_success","logs/V65_BATCH.coqchk.log"
"V65_LIST_MAP_020","list-map","2","kernel_success","571.1","logs/V65_LIST_MAP_020.coqc.log","coqchk_success","logs/V65_BATCH.coqchk.log"
"V65_LIST_MAP_021","list-map","2","kernel_success","613.9","logs/V65_LIST_MAP_021.coqc.log","coqchk_success","logs/V65_BATCH.coqchk.log"
"V65_LIST_MAP_022","list-map","2","kernel_success","556.1","logs/V65_LIST_MAP_022.coqc.log","coqchk_success","logs/V65_BATCH.coqchk.log"
"V65_LIST_MAP_023","list-map","2","kernel_success","532.2","logs/V65_LIST_MAP_023.coqc.log","coqchk_success","logs/V65_BATCH.coqchk.log"
"V65_LIST_MAP_024","list-map","2","kernel_success","553.5","logs/V65_LIST_MAP_024.coqc.log","coqchk_success","logs/V65_BATCH.coqchk.log"
"V65_LIST_MAP_025","list-map","2","kernel_success","687.5","logs/V65_LIST_MAP_025.coqc.log","coqchk_success","logs/V65_BATCH.coqchk.log"
"V65_LIST_MAP_026","list-map","2","kernel_success","629.7","logs/V65_LIST_MAP_026.coqc.log","coqchk_success","logs/V65_BATCH.coqchk.log"
"V65_LIST_MAP_027","list-map","2","kernel_success","576.7","logs/V65_LIST_MAP_027.coqc.log","coqchk_success","logs/V65_BATCH.coqchk.log"
"V65_LIST_MAP_028","list-map","2","kernel_success","551.2","logs/V65_LIST_MAP_028.coqc.log","coqchk_success","logs/V65_BATCH.coqchk.log"
"V65_LIST_MAP_029","list-map","2","kernel_success","680.7","logs/V65_LIST_MAP_029.coqc.log","coqchk_success","logs/V65_BATCH.coqchk.log"
"V65_LIST_MAP_030","list-map","2","kernel_success","922.8","logs/V65_LIST_MAP_030.coqc.log","coqchk_success","logs/V65_BATCH.coqchk.log"
"V65_LIST_MAP_031","list-map","2","kernel_success","1265.5","logs/V65_LIST_MAP_031.coqc.log","coqchk_success","logs/V65_BATCH.coqchk.log"
"V65_LIST_MAP_032","list-map","2","kernel_success","1660.5","logs/V65_LIST_MAP_032.coqc.log","coqchk_success","logs/V65_BATCH.coqchk.log"
"V65_LIST_MAP_033","list-map","2","kernel_success","1346.8","logs/V65_LIST_MAP_033.coqc.log","coqchk_success","logs/V65_BATCH.coqchk.log"
"V65_LIST_MAP_034","list-map","2","kernel_success","892.8","logs/V65_LIST_MAP_034.coqc.log","coqchk_success","logs/V65_BATCH.coqchk.log"
"V65_LIST_MAP_035","list-map","2","kernel_success","696.3","logs/V65_LIST_MAP_035.coqc.log","coqchk_success","logs/V65_BATCH.coqchk.log"
"V65_LIST_MAP_036","list-map","2","kernel_success","712.8","logs/V65_LIST_MAP_036.coqc.log","coqchk_success","logs/V65_BATCH.coqchk.log"
"V65_LIST_MAP_037","list-map","2","kernel_success","795.3","logs/V65_LIST_MAP_037.coqc.log","coqchk_success","logs/V65_BATCH.coqchk.log"
"V65_LIST_MAP_038","list-map","2","kernel_success","732.3","logs/V65_LIST_MAP_038.coqc.log","coqchk_success","logs/V65_BATCH.coqchk.log"
"V65_LIST_MAP_039","list-map","2","kernel_success","697.8","logs/V65_LIST_MAP_039.coqc.log","coqchk_success","logs/V65_BATCH.coqchk.log"
"V65_LIST_MAP_040","list-map","2","kernel_success","631.9","logs/V65_LIST_MAP_040.coqc.log","coqchk_success","logs/V65_BATCH.coqchk.log"
"V65_LIST_MAP_041","list-map","2","kernel_success","614.1","logs/V65_LIST_MAP_041.coqc.log","coqchk_success","logs/V65_BATCH.coqchk.log"
"V65_LIST_MAP_042","list-map","2","kernel_success","595","logs/V65_LIST_MAP_042.coqc.log","coqchk_success","logs/V65_BATCH.coqchk.log"
"V65_LIST_MAP_043","list-map","2","kernel_success","642.9","logs/V65_LIST_MAP_043.coqc.log","coqchk_success","logs/V65_BATCH.coqchk.log"
"V65_LIST_MAP_044","list-map","2","kernel_success","628.8","logs/V65_LIST_MAP_044.coqc.log","coqchk_success","logs/V65_BATCH.coqchk.log"
"V65_LIST_MAP_045","list-map","2","kernel_success","679.7","logs/V65_LIST_MAP_045.coqc.log","coqchk_success","logs/V65_BATCH.coqchk.log"
"V65_LIST_MAP_046","list-map","2","kernel_success","602.5","logs/V65_LIST_MAP_046.coqc.log","coqchk_success","logs/V65_BATCH.coqchk.log"
"V65_LIST_MAP_047","list-map","2","kernel_success","562.5","logs/V65_LIST_MAP_047.coqc.log","coqchk_success","logs/V65_BATCH.coqchk.log"
"V65_LIST_MAP_048","list-map","2","kernel_success","592.1","logs/V65_LIST_MAP_048.coqc.log","coqchk_success","logs/V65_BATCH.coqchk.log"
"V65_LIST_MAP_049","list-map","2","kernel_success","556.2","logs/V65_LIST_MAP_049.coqc.log","coqchk_success","logs/V65_BATCH.coqchk.log"
"V65_LIST_MAP_050","list-map","2","kernel_success","583.6","logs/V65_LIST_MAP_050.coqc.log","coqchk_success","logs/V65_BATCH.coqchk.log"
"V65_LIST_APPEND_001","list-append","2","kernel_success","524.8","logs/V65_LIST_APPEND_001.coqc.log","coqchk_success","logs/V65_BATCH.coqchk.log"
"V65_LIST_APPEND_002","list-append","2","kernel_success","604.8","logs/V65_LIST_APPEND_002.coqc.log","coqchk_success","logs/V65_BATCH.coqchk.log"
"V65_LIST_APPEND_003","list-append","2","kernel_success","692.7","logs/V65_LIST_APPEND_003.coqc.log","coqchk_success","logs/V65_BATCH.coqchk.log"
"V65_LIST_APPEND_004","list-append","2","kernel_success","678.2","logs/V65_LIST_APPEND_004.coqc.log","coqchk_success","logs/V65_BATCH.coqchk.log"
"V65_LIST_APPEND_005","list-append","2","kernel_success","722.7","logs/V65_LIST_APPEND_005.coqc.log","coqchk_success","logs/V65_BATCH.coqchk.log"
"V65_LIST_APPEND_006","list-append","2","kernel_success","699.3","logs/V65_LIST_APPEND_006.coqc.log","coqchk_success","logs/V65_BATCH.coqchk.log"
"V65_LIST_APPEND_007","list-append","2","kernel_success","722.3","logs/V65_LIST_APPEND_007.coqc.log","coqchk_success","logs/V65_BATCH.coqchk.log"
"V65_LIST_APPEND_008","list-append","2","kernel_success","623.5","logs/V65_LIST_APPEND_008.coqc.log","coqchk_success","logs/V65_BATCH.coqchk.log"
"V65_LIST_APPEND_009","list-append","2","kernel_success","557.3","logs/V65_LIST_APPEND_009.coqc.log","coqchk_success","logs/V65_BATCH.coqchk.log"
"V65_LIST_APPEND_010","list-append","2","kernel_success","636.3","logs/V65_LIST_APPEND_010.coqc.log","coqchk_success","logs/V65_BATCH.coqchk.log"
"V65_LIST_APPEND_011","list-append","2","kernel_success","646","logs/V65_LIST_APPEND_011.coqc.log","coqchk_success","logs/V65_BATCH.coqchk.log"
"V65_LIST_APPEND_012","list-append","2","kernel_success","653.1","logs/V65_LIST_APPEND_012.coqc.log","coqchk_success","logs/V65_BATCH.coqchk.log"
"V65_LIST_APPEND_013","list-append","2","kernel_success","551.2","logs/V65_LIST_APPEND_013.coqc.log","coqchk_success","logs/V65_BATCH.coqchk.log"
"V65_LIST_APPEND_014","list-append","2","kernel_success","539","logs/V65_LIST_APPEND_014.coqc.log","coqchk_success","logs/V65_BATCH.coqchk.log"
"V65_LIST_APPEND_015","list-append","2","kernel_success","550.6","logs/V65_LIST_APPEND_015.coqc.log","coqchk_success","logs/V65_BATCH.coqchk.log"
"V65_LIST_APPEND_016","list-append","2","kernel_success","550.4","logs/V65_LIST_APPEND_016.coqc.log","coqchk_success","logs/V65_BATCH.coqchk.log"
"V65_LIST_APPEND_017","list-append","2","kernel_success","592.7","logs/V65_LIST_APPEND_017.coqc.log","coqchk_success","logs/V65_BATCH.coqchk.log"
"V65_LIST_APPEND_018","list-append","2","kernel_success","538.4","logs/V65_LIST_APPEND_018.coqc.log","coqchk_success","logs/V65_BATCH.coqchk.log"
"V65_LIST_APPEND_019","list-append","2","kernel_success","591","logs/V65_LIST_APPEND_019.coqc.log","coqchk_success","logs/V65_BATCH.coqchk.log"
"V65_LIST_APPEND_020","list-append","2","kernel_success","597.2","logs/V65_LIST_APPEND_020.coqc.log","coqchk_success","logs/V65_BATCH.coqchk.log"
"V65_LIST_APPEND_021","list-append","2","kernel_success","583.5","logs/V65_LIST_APPEND_021.coqc.log","coqchk_success","logs/V65_BATCH.coqchk.log"
"V65_LIST_APPEND_022","list-append","2","kernel_success","664.4","logs/V65_LIST_APPEND_022.coqc.log","coqchk_success","logs/V65_BATCH.coqchk.log"
"V65_LIST_APPEND_023","list-append","2","kernel_success","571.5","logs/V65_LIST_APPEND_023.coqc.log","coqchk_success","logs/V65_BATCH.coqchk.log"
"V65_LIST_APPEND_024","list-append","2","kernel_success","548.7","logs/V65_LIST_APPEND_024.coqc.log","coqchk_success","logs/V65_BATCH.coqchk.log"
"V65_LIST_APPEND_025","list-append","2","kernel_success","730.1","logs/V65_LIST_APPEND_025.coqc.log","coqchk_success","logs/V65_BATCH.coqchk.log"
"V65_LIST_APPEND_026","list-append","2","kernel_success","772.4","logs/V65_LIST_APPEND_026.coqc.log","coqchk_success","logs/V65_BATCH.coqchk.log"
"V65_LIST_APPEND_027","list-append","2","kernel_success","788.4","logs/V65_LIST_APPEND_027.coqc.log","coqchk_success","logs/V65_BATCH.coqchk.log"
"V65_LIST_APPEND_028","list-append","2","kernel_success","720.1","logs/V65_LIST_APPEND_028.coqc.log","coqchk_success","logs/V65_BATCH.coqchk.log"
"V65_LIST_APPEND_029","list-append","2","kernel_success","752.7","logs/V65_LIST_APPEND_029.coqc.log","coqchk_success","logs/V65_BATCH.coqchk.log"
"V65_LIST_APPEND_030","list-append","2","kernel_success","744.6","logs/V65_LIST_APPEND_030.coqc.log","coqchk_success","logs/V65_BATCH.coqchk.log"
"V65_LIST_APPEND_031","list-append","2","kernel_success","709.9","logs/V65_LIST_APPEND_031.coqc.log","coqchk_success","logs/V65_BATCH.coqchk.log"
"V65_LIST_APPEND_032","list-append","2","kernel_success","627.5","logs/V65_LIST_APPEND_032.coqc.log","coqchk_success","logs/V65_BATCH.coqchk.log"
"V65_LIST_APPEND_033","list-append","2","kernel_success","649.7","logs/V65_LIST_APPEND_033.coqc.log","coqchk_success","logs/V65_BATCH.coqchk.log"
"V65_LIST_APPEND_034","list-append","2","kernel_success","606.3","logs/V65_LIST_APPEND_034.coqc.log","coqchk_success","logs/V65_BATCH.coqchk.log"
"V65_LIST_APPEND_035","list-append","2","kernel_success","617","logs/V65_LIST_APPEND_035.coqc.log","coqchk_success","logs/V65_BATCH.coqchk.log"
"V65_LIST_APPEND_036","list-append","2","kernel_success","729","logs/V65_LIST_APPEND_036.coqc.log","coqchk_success","logs/V65_BATCH.coqchk.log"
"V65_LIST_APPEND_037","list-append","2","kernel_success","613.8","logs/V65_LIST_APPEND_037.coqc.log","coqchk_success","logs/V65_BATCH.coqchk.log"
"V65_LIST_APPEND_038","list-append","2","kernel_success","770.8","logs/V65_LIST_APPEND_038.coqc.log","coqchk_success","logs/V65_BATCH.coqchk.log"
"V65_LIST_APPEND_039","list-append","2","kernel_success","595.4","logs/V65_LIST_APPEND_039.coqc.log","coqchk_success","logs/V65_BATCH.coqchk.log"
"V65_LIST_APPEND_040","list-append","2","kernel_success","541.7","logs/V65_LIST_APPEND_040.coqc.log","coqchk_success","logs/V65_BATCH.coqchk.log"
"V65_LIST_APPEND_041","list-append","2","kernel_success","512.8","logs/V65_LIST_APPEND_041.coqc.log","coqchk_success","logs/V65_BATCH.coqchk.log"
"V65_LIST_APPEND_042","list-append","2","kernel_success","521","logs/V65_LIST_APPEND_042.coqc.log","coqchk_success","logs/V65_BATCH.coqchk.log"
"V65_LIST_APPEND_043","list-append","2","kernel_success","518.6","logs/V65_LIST_APPEND_043.coqc.log","coqchk_success","logs/V65_BATCH.coqchk.log"
"V65_LIST_APPEND_044","list-append","2","kernel_success","528.1","logs/V65_LIST_APPEND_044.coqc.log","coqchk_success","logs/V65_BATCH.coqchk.log"
"V65_LIST_APPEND_045","list-append","2","kernel_success","521.5","logs/V65_LIST_APPEND_045.coqc.log","coqchk_success","logs/V65_BATCH.coqchk.log"
"V65_LIST_APPEND_046","list-append","2","kernel_success","618","logs/V65_LIST_APPEND_046.coqc.log","coqchk_success","logs/V65_BATCH.coqchk.log"
"V65_LIST_APPEND_047","list-append","2","kernel_success","566.3","logs/V65_LIST_APPEND_047.coqc.log","coqchk_success","logs/V65_BATCH.coqchk.log"
"V65_LIST_APPEND_048","list-append","2","kernel_success","622.4","logs/V65_LIST_APPEND_048.coqc.log","coqchk_success","logs/V65_BATCH.coqchk.log"
"V65_LIST_APPEND_049","list-append","2","kernel_success","553.7","logs/V65_LIST_APPEND_049.coqc.log","coqchk_success","logs/V65_BATCH.coqchk.log"
"V65_LIST_APPEND_050","list-append","2","kernel_success","517.5","logs/V65_LIST_APPEND_050.coqc.log","coqchk_success","logs/V65_BATCH.coqchk.log"
"V65_LIST_REVERSE_001","list-reverse","2","kernel_success","571.4","logs/V65_LIST_REVERSE_001.coqc.log","coqchk_success","logs/V65_BATCH.coqchk.log"
"V65_LIST_REVERSE_002","list-reverse","2","kernel_success","593.5","logs/V65_LIST_REVERSE_002.coqc.log","coqchk_success","logs/V65_BATCH.coqchk.log"
"V65_LIST_REVERSE_003","list-reverse","2","kernel_success","613.6","logs/V65_LIST_REVERSE_003.coqc.log","coqchk_success","logs/V65_BATCH.coqchk.log"
"V65_LIST_REVERSE_004","list-reverse","2","kernel_success","693.2","logs/V65_LIST_REVERSE_004.coqc.log","coqchk_success","logs/V65_BATCH.coqchk.log"
"V65_LIST_REVERSE_005","list-reverse","2","kernel_success","703","logs/V65_LIST_REVERSE_005.coqc.log","coqchk_success","logs/V65_BATCH.coqchk.log"
"V65_LIST_REVERSE_006","list-reverse","2","kernel_success","689.2","logs/V65_LIST_REVERSE_006.coqc.log","coqchk_success","logs/V65_BATCH.coqchk.log"
"V65_LIST_REVERSE_007","list-reverse","2","kernel_success","607.8","logs/V65_LIST_REVERSE_007.coqc.log","coqchk_success","logs/V65_BATCH.coqchk.log"
"V65_LIST_REVERSE_008","list-reverse","2","kernel_success","630.8","logs/V65_LIST_REVERSE_008.coqc.log","coqchk_success","logs/V65_BATCH.coqchk.log"
"V65_LIST_REVERSE_009","list-reverse","2","kernel_success","604.1","logs/V65_LIST_REVERSE_009.coqc.log","coqchk_success","logs/V65_BATCH.coqchk.log"
"V65_LIST_REVERSE_010","list-reverse","2","kernel_success","565.3","logs/V65_LIST_REVERSE_010.coqc.log","coqchk_success","logs/V65_BATCH.coqchk.log"
"V65_LIST_REVERSE_011","list-reverse","2","kernel_success","533.9","logs/V65_LIST_REVERSE_011.coqc.log","coqchk_success","logs/V65_BATCH.coqchk.log"
"V65_LIST_REVERSE_012","list-reverse","2","kernel_success","691.2","logs/V65_LIST_REVERSE_012.coqc.log","coqchk_success","logs/V65_BATCH.coqchk.log"
"V65_LIST_REVERSE_013","list-reverse","2","kernel_success","568.8","logs/V65_LIST_REVERSE_013.coqc.log","coqchk_success","logs/V65_BATCH.coqchk.log"
"V65_LIST_REVERSE_014","list-reverse","2","kernel_success","532.8","logs/V65_LIST_REVERSE_014.coqc.log","coqchk_success","logs/V65_BATCH.coqchk.log"
"V65_LIST_REVERSE_015","list-reverse","2","kernel_success","570.2","logs/V65_LIST_REVERSE_015.coqc.log","coqchk_success","logs/V65_BATCH.coqchk.log"
"V65_LIST_REVERSE_016","list-reverse","2","kernel_success","570","logs/V65_LIST_REVERSE_016.coqc.log","coqchk_success","logs/V65_BATCH.coqchk.log"
"V65_LIST_REVERSE_017","list-reverse","2","kernel_success","518.2","logs/V65_LIST_REVERSE_017.coqc.log","coqchk_success","logs/V65_BATCH.coqchk.log"
"V65_LIST_REVERSE_018","list-reverse","2","kernel_success","547.7","logs/V65_LIST_REVERSE_018.coqc.log","coqchk_success","logs/V65_BATCH.coqchk.log"
"V65_LIST_REVERSE_019","list-reverse","2","kernel_success","569.7","logs/V65_LIST_REVERSE_019.coqc.log","coqchk_success","logs/V65_BATCH.coqchk.log"
"V65_LIST_REVERSE_020","list-reverse","2","kernel_success","625.4","logs/V65_LIST_REVERSE_020.coqc.log","coqchk_success","logs/V65_BATCH.coqchk.log"
"V65_LIST_REVERSE_021","list-reverse","2","kernel_success","602.6","logs/V65_LIST_REVERSE_021.coqc.log","coqchk_success","logs/V65_BATCH.coqchk.log"
"V65_LIST_REVERSE_022","list-reverse","2","kernel_success","613.5","logs/V65_LIST_REVERSE_022.coqc.log","coqchk_success","logs/V65_BATCH.coqchk.log"
"V65_LIST_REVERSE_023","list-reverse","2","kernel_success","561.9","logs/V65_LIST_REVERSE_023.coqc.log","coqchk_success","logs/V65_BATCH.coqchk.log"
"V65_LIST_REVERSE_024","list-reverse","2","kernel_success","561.9","logs/V65_LIST_REVERSE_024.coqc.log","coqchk_success","logs/V65_BATCH.coqchk.log"
"V65_LIST_REVERSE_025","list-reverse","2","kernel_success","539.8","logs/V65_LIST_REVERSE_025.coqc.log","coqchk_success","logs/V65_BATCH.coqchk.log"
"V65_LIST_REVERSE_026","list-reverse","2","kernel_success","551.7","logs/V65_LIST_REVERSE_026.coqc.log","coqchk_success","logs/V65_BATCH.coqchk.log"
"V65_LIST_REVERSE_027","list-reverse","2","kernel_success","585.2","logs/V65_LIST_REVERSE_027.coqc.log","coqchk_success","logs/V65_BATCH.coqchk.log"
"V65_LIST_REVERSE_028","list-reverse","2","kernel_success","589.4","logs/V65_LIST_REVERSE_028.coqc.log","coqchk_success","logs/V65_BATCH.coqchk.log"
"V65_LIST_REVERSE_029","list-reverse","2","kernel_success","614.8","logs/V65_LIST_REVERSE_029.coqc.log","coqchk_success","logs/V65_BATCH.coqchk.log"
"V65_LIST_REVERSE_030","list-reverse","2","kernel_success","559.6","logs/V65_LIST_REVERSE_030.coqc.log","coqchk_success","logs/V65_BATCH.coqchk.log"
"V65_LIST_REVERSE_031","list-reverse","2","kernel_success","584.7","logs/V65_LIST_REVERSE_031.coqc.log","coqchk_success","logs/V65_BATCH.coqchk.log"
"V65_LIST_REVERSE_032","list-reverse","2","kernel_success","532.7","logs/V65_LIST_REVERSE_032.coqc.log","coqchk_success","logs/V65_BATCH.coqchk.log"
"V65_LIST_REVERSE_033","list-reverse","2","kernel_success","560.6","logs/V65_LIST_REVERSE_033.coqc.log","coqchk_success","logs/V65_BATCH.coqchk.log"
"V65_LIST_REVERSE_034","list-reverse","2","kernel_success","530.5","logs/V65_LIST_REVERSE_034.coqc.log","coqchk_success","logs/V65_BATCH.coqchk.log"
"V65_LIST_REVERSE_035","list-reverse","2","kernel_success","580.2","logs/V65_LIST_REVERSE_035.coqc.log","coqchk_success","logs/V65_BATCH.coqchk.log"
"V65_LIST_REVERSE_036","list-reverse","2","kernel_success","555.4","logs/V65_LIST_REVERSE_036.coqc.log","coqchk_success","logs/V65_BATCH.coqchk.log"
"V65_LIST_REVERSE_037","list-reverse","2","kernel_success","589.5","logs/V65_LIST_REVERSE_037.coqc.log","coqchk_success","logs/V65_BATCH.coqchk.log"
"V65_LIST_REVERSE_038","list-reverse","2","kernel_success","632.3","logs/V65_LIST_REVERSE_038.coqc.log","coqchk_success","logs/V65_BATCH.coqchk.log"
"V65_LIST_REVERSE_039","list-reverse","2","kernel_success","659.4","logs/V65_LIST_REVERSE_039.coqc.log","coqchk_success","logs/V65_BATCH.coqchk.log"
"V65_LIST_REVERSE_040","list-reverse","2","kernel_success","541.6","logs/V65_LIST_REVERSE_040.coqc.log","coqchk_success","logs/V65_BATCH.coqchk.log"
"V65_LIST_REVERSE_041","list-reverse","2","kernel_success","581.1","logs/V65_LIST_REVERSE_041.coqc.log","coqchk_success","logs/V65_BATCH.coqchk.log"
"V65_LIST_REVERSE_042","list-reverse","2","kernel_success","541.5","logs/V65_LIST_REVERSE_042.coqc.log","coqchk_success","logs/V65_BATCH.coqchk.log"
"V65_LIST_REVERSE_043","list-reverse","2","kernel_success","582.1","logs/V65_LIST_REVERSE_043.coqc.log","coqchk_success","logs/V65_BATCH.coqchk.log"
"V65_LIST_REVERSE_044","list-reverse","2","kernel_success","544.8","logs/V65_LIST_REVERSE_044.coqc.log","coqchk_success","logs/V65_BATCH.coqchk.log"
"V65_LIST_REVERSE_045","list-reverse","2","kernel_success","547.9","logs/V65_LIST_REVERSE_045.coqc.log","coqchk_success","logs/V65_BATCH.coqchk.log"
"V65_LIST_REVERSE_046","list-reverse","2","kernel_success","568.4","logs/V65_LIST_REVERSE_046.coqc.log","coqchk_success","logs/V65_BATCH.coqchk.log"
"V65_LIST_REVERSE_047","list-reverse","2","kernel_success","516.1","logs/V65_LIST_REVERSE_047.coqc.log","coqchk_success","logs/V65_BATCH.coqchk.log"
"V65_LIST_REVERSE_048","list-reverse","2","kernel_success","542.1","logs/V65_LIST_REVERSE_048.coqc.log","coqchk_success","logs/V65_BATCH.coqchk.log"
"V65_LIST_REVERSE_049","list-reverse","2","kernel_success","515.8","logs/V65_LIST_REVERSE_049.coqc.log","coqchk_success","logs/V65_BATCH.coqchk.log"
"V65_LIST_REVERSE_050","list-reverse","2","kernel_success","479.8","logs/V65_LIST_REVERSE_050.coqc.log","coqchk_success","logs/V65_BATCH.coqchk.log"
"V65_BOOL_NEGATION_001","bool-negation","2","kernel_success","351.6","logs/V65_BOOL_NEGATION_001.coqc.log","coqchk_success","logs/V65_BATCH.coqchk.log"
"V65_BOOL_NEGATION_002","bool-negation","2","kernel_success","353.2","logs/V65_BOOL_NEGATION_002.coqc.log","coqchk_success","logs/V65_BATCH.coqchk.log"
"V65_BOOL_NEGATION_003","bool-negation","2","kernel_success","358.6","logs/V65_BOOL_NEGATION_003.coqc.log","coqchk_success","logs/V65_BATCH.coqchk.log"
"V65_BOOL_NEGATION_004","bool-negation","2","kernel_success","367.6","logs/V65_BOOL_NEGATION_004.coqc.log","coqchk_success","logs/V65_BATCH.coqchk.log"
"V65_BOOL_NEGATION_005","bool-negation","2","kernel_success","387.1","logs/V65_BOOL_NEGATION_005.coqc.log","coqchk_success","logs/V65_BATCH.coqchk.log"
"V65_BOOL_NEGATION_006","bool-negation","2","kernel_success","378.3","logs/V65_BOOL_NEGATION_006.coqc.log","coqchk_success","logs/V65_BATCH.coqchk.log"
"V65_BOOL_NEGATION_007","bool-negation","2","kernel_success","398.7","logs/V65_BOOL_NEGATION_007.coqc.log","coqchk_success","logs/V65_BATCH.coqchk.log"
"V65_BOOL_NEGATION_008","bool-negation","2","kernel_success","386.2","logs/V65_BOOL_NEGATION_008.coqc.log","coqchk_success","logs/V65_BATCH.coqchk.log"
"V65_BOOL_NEGATION_009","bool-negation","2","kernel_success","408.2","logs/V65_BOOL_NEGATION_009.coqc.log","coqchk_success","logs/V65_BATCH.coqchk.log"
"V65_BOOL_NEGATION_010","bool-negation","2","kernel_success","376.3","logs/V65_BOOL_NEGATION_010.coqc.log","coqchk_success","logs/V65_BATCH.coqchk.log"
"V65_BOOL_NEGATION_011","bool-negation","2","kernel_success","358.7","logs/V65_BOOL_NEGATION_011.coqc.log","coqchk_success","logs/V65_BATCH.coqchk.log"
"V65_BOOL_NEGATION_012","bool-negation","2","kernel_success","387.7","logs/V65_BOOL_NEGATION_012.coqc.log","coqchk_success","logs/V65_BATCH.coqchk.log"
"V65_BOOL_NEGATION_013","bool-negation","2","kernel_success","344.7","logs/V65_BOOL_NEGATION_013.coqc.log","coqchk_success","logs/V65_BATCH.coqchk.log"
"V65_BOOL_NEGATION_014","bool-negation","2","kernel_success","333.8","logs/V65_BOOL_NEGATION_014.coqc.log","coqchk_success","logs/V65_BATCH.coqchk.log"
"V65_BOOL_NEGATION_015","bool-negation","2","kernel_success","379.4","logs/V65_BOOL_NEGATION_015.coqc.log","coqchk_success","logs/V65_BATCH.coqchk.log"
"V65_BOOL_NEGATION_016","bool-negation","2","kernel_success","386","logs/V65_BOOL_NEGATION_016.coqc.log","coqchk_success","logs/V65_BATCH.coqchk.log"
"V65_BOOL_NEGATION_017","bool-negation","2","kernel_success","424.5","logs/V65_BOOL_NEGATION_017.coqc.log","coqchk_success","logs/V65_BATCH.coqchk.log"
"V65_BOOL_NEGATION_018","bool-negation","2","kernel_success","467.8","logs/V65_BOOL_NEGATION_018.coqc.log","coqchk_success","logs/V65_BATCH.coqchk.log"
"V65_BOOL_NEGATION_019","bool-negation","2","kernel_success","452.3","logs/V65_BOOL_NEGATION_019.coqc.log","coqchk_success","logs/V65_BATCH.coqchk.log"
"V65_BOOL_NEGATION_020","bool-negation","2","kernel_success","500.7","logs/V65_BOOL_NEGATION_020.coqc.log","coqchk_success","logs/V65_BATCH.coqchk.log"
"V65_BOOL_NEGATION_021","bool-negation","2","kernel_success","741.4","logs/V65_BOOL_NEGATION_021.coqc.log","coqchk_success","logs/V65_BATCH.coqchk.log"
"V65_BOOL_NEGATION_022","bool-negation","2","kernel_success","793.6","logs/V65_BOOL_NEGATION_022.coqc.log","coqchk_success","logs/V65_BATCH.coqchk.log"
"V65_BOOL_NEGATION_023","bool-negation","2","kernel_success","738.8","logs/V65_BOOL_NEGATION_023.coqc.log","coqchk_success","logs/V65_BATCH.coqchk.log"
"V65_BOOL_NEGATION_024","bool-negation","2","kernel_success","1402","logs/V65_BOOL_NEGATION_024.coqc.log","coqchk_success","logs/V65_BATCH.coqchk.log"
"V65_BOOL_NEGATION_025","bool-negation","2","kernel_success","1242.8","logs/V65_BOOL_NEGATION_025.coqc.log","coqchk_success","logs/V65_BATCH.coqchk.log"
"V65_BOOL_NEGATION_026","bool-negation","2","kernel_success","879.3","logs/V65_BOOL_NEGATION_026.coqc.log","coqchk_success","logs/V65_BATCH.coqchk.log"
"V65_BOOL_NEGATION_027","bool-negation","2","kernel_success","1021.3","logs/V65_BOOL_NEGATION_027.coqc.log","coqchk_success","logs/V65_BATCH.coqchk.log"
"V65_BOOL_NEGATION_028","bool-negation","2","kernel_success","804.2","logs/V65_BOOL_NEGATION_028.coqc.log","coqchk_success","logs/V65_BATCH.coqchk.log"
"V65_BOOL_NEGATION_029","bool-negation","2","kernel_success","620.5","logs/V65_BOOL_NEGATION_029.coqc.log","coqchk_success","logs/V65_BATCH.coqchk.log"
"V65_BOOL_NEGATION_030","bool-negation","2","kernel_success","423.5","logs/V65_BOOL_NEGATION_030.coqc.log","coqchk_success","logs/V65_BATCH.coqchk.log"
"V65_BOOL_NEGATION_031","bool-negation","2","kernel_success","395.3","logs/V65_BOOL_NEGATION_031.coqc.log","coqchk_success","logs/V65_BATCH.coqchk.log"
"V65_BOOL_NEGATION_032","bool-negation","2","kernel_success","410","logs/V65_BOOL_NEGATION_032.coqc.log","coqchk_success","logs/V65_BATCH.coqchk.log"
"V65_BOOL_NEGATION_033","bool-negation","2","kernel_success","375","logs/V65_BOOL_NEGATION_033.coqc.log","coqchk_success","logs/V65_BATCH.coqchk.log"
"V65_BOOL_NEGATION_034","bool-negation","2","kernel_success","373.1","logs/V65_BOOL_NEGATION_034.coqc.log","coqchk_success","logs/V65_BATCH.coqchk.log"
"V65_BOOL_NEGATION_035","bool-negation","2","kernel_success","371.2","logs/V65_BOOL_NEGATION_035.coqc.log","coqchk_success","logs/V65_BATCH.coqchk.log"
"V65_BOOL_NEGATION_036","bool-negation","2","kernel_success","403.9","logs/V65_BOOL_NEGATION_036.coqc.log","coqchk_success","logs/V65_BATCH.coqchk.log"
"V65_BOOL_NEGATION_037","bool-negation","2","kernel_success","393.5","logs/V65_BOOL_NEGATION_037.coqc.log","coqchk_success","logs/V65_BATCH.coqchk.log"
"V65_BOOL_NEGATION_038","bool-negation","2","kernel_success","412.5","logs/V65_BOOL_NEGATION_038.coqc.log","coqchk_success","logs/V65_BATCH.coqchk.log"
"V65_BOOL_NEGATION_039","bool-negation","2","kernel_success","414.6","logs/V65_BOOL_NEGATION_039.coqc.log","coqchk_success","logs/V65_BATCH.coqchk.log"
"V65_BOOL_NEGATION_040","bool-negation","2","kernel_success","375.2","logs/V65_BOOL_NEGATION_040.coqc.log","coqchk_success","logs/V65_BATCH.coqchk.log"
"V65_BOOL_NEGATION_041","bool-negation","2","kernel_success","421.7","logs/V65_BOOL_NEGATION_041.coqc.log","coqchk_success","logs/V65_BATCH.coqchk.log"
"V65_BOOL_NEGATION_042","bool-negation","2","kernel_success","404.2","logs/V65_BOOL_NEGATION_042.coqc.log","coqchk_success","logs/V65_BATCH.coqchk.log"
"V65_BOOL_NEGATION_043","bool-negation","2","kernel_success","426.7","logs/V65_BOOL_NEGATION_043.coqc.log","coqchk_success","logs/V65_BATCH.coqchk.log"
"V65_BOOL_NEGATION_044","bool-negation","2","kernel_success","387.1","logs/V65_BOOL_NEGATION_044.coqc.log","coqchk_success","logs/V65_BATCH.coqchk.log"
"V65_BOOL_NEGATION_045","bool-negation","2","kernel_success","445.4","logs/V65_BOOL_NEGATION_045.coqc.log","coqchk_success","logs/V65_BATCH.coqchk.log"
"V65_BOOL_NEGATION_046","bool-negation","2","kernel_success","422.3","logs/V65_BOOL_NEGATION_046.coqc.log","coqchk_success","logs/V65_BATCH.coqchk.log"
"V65_BOOL_NEGATION_047","bool-negation","2","kernel_success","428.1","logs/V65_BOOL_NEGATION_047.coqc.log","coqchk_success","logs/V65_BATCH.coqchk.log"
"V65_BOOL_NEGATION_048","bool-negation","2","kernel_success","624","logs/V65_BOOL_NEGATION_048.coqc.log","coqchk_success","logs/V65_BATCH.coqchk.log"
"V65_BOOL_NEGATION_049","bool-negation","2","kernel_success","540.3","logs/V65_BOOL_NEGATION_049.coqc.log","coqchk_success","logs/V65_BATCH.coqchk.log"
"V65_BOOL_NEGATION_050","bool-negation","2","kernel_success","494.1","logs/V65_BOOL_NEGATION_050.coqc.log","coqchk_success","logs/V65_BATCH.coqchk.log"
"V65_NAT_ADD_001","nat-add","2","kernel_success","531.7","logs/V65_NAT_ADD_001.coqc.log","coqchk_success","logs/V65_BATCH.coqchk.log"
"V65_NAT_ADD_002","nat-add","2","kernel_success","516.2","logs/V65_NAT_ADD_002.coqc.log","coqchk_success","logs/V65_BATCH.coqchk.log"
"V65_NAT_ADD_003","nat-add","2","kernel_success","578.2","logs/V65_NAT_ADD_003.coqc.log","coqchk_success","logs/V65_BATCH.coqchk.log"
"V65_NAT_ADD_004","nat-add","2","kernel_success","660","logs/V65_NAT_ADD_004.coqc.log","coqchk_success","logs/V65_BATCH.coqchk.log"
"V65_NAT_ADD_005","nat-add","2","kernel_success","650.6","logs/V65_NAT_ADD_005.coqc.log","coqchk_success","logs/V65_BATCH.coqchk.log"
"V65_NAT_ADD_006","nat-add","2","kernel_success","825","logs/V65_NAT_ADD_006.coqc.log","coqchk_success","logs/V65_BATCH.coqchk.log"
"V65_NAT_ADD_007","nat-add","2","kernel_success","979.6","logs/V65_NAT_ADD_007.coqc.log","coqchk_success","logs/V65_BATCH.coqchk.log"
"V65_NAT_ADD_008","nat-add","2","kernel_success","1056.3","logs/V65_NAT_ADD_008.coqc.log","coqchk_success","logs/V65_BATCH.coqchk.log"
"V65_NAT_ADD_009","nat-add","2","kernel_success","968.3","logs/V65_NAT_ADD_009.coqc.log","coqchk_success","logs/V65_BATCH.coqchk.log"
"V65_NAT_ADD_010","nat-add","2","kernel_success","796","logs/V65_NAT_ADD_010.coqc.log","coqchk_success","logs/V65_BATCH.coqchk.log"
"V65_NAT_ADD_011","nat-add","2","kernel_success","670","logs/V65_NAT_ADD_011.coqc.log","coqchk_success","logs/V65_BATCH.coqchk.log"
"V65_NAT_ADD_012","nat-add","2","kernel_success","595.9","logs/V65_NAT_ADD_012.coqc.log","coqchk_success","logs/V65_BATCH.coqchk.log"
"V65_NAT_ADD_013","nat-add","2","kernel_success","602.5","logs/V65_NAT_ADD_013.coqc.log","coqchk_success","logs/V65_BATCH.coqchk.log"
"V65_NAT_ADD_014","nat-add","2","kernel_success","549.7","logs/V65_NAT_ADD_014.coqc.log","coqchk_success","logs/V65_BATCH.coqchk.log"
"V65_NAT_ADD_015","nat-add","2","kernel_success","498.4","logs/V65_NAT_ADD_015.coqc.log","coqchk_success","logs/V65_BATCH.coqchk.log"
"V65_NAT_ADD_016","nat-add","2","kernel_success","491","logs/V65_NAT_ADD_016.coqc.log","coqchk_success","logs/V65_BATCH.coqchk.log"
"V65_NAT_ADD_017","nat-add","2","kernel_success","496.5","logs/V65_NAT_ADD_017.coqc.log","coqchk_success","logs/V65_BATCH.coqchk.log"
"V65_NAT_ADD_018","nat-add","2","kernel_success","545","logs/V65_NAT_ADD_018.coqc.log","coqchk_success","logs/V65_BATCH.coqchk.log"
"V65_NAT_ADD_019","nat-add","2","kernel_success","551.5","logs/V65_NAT_ADD_019.coqc.log","coqchk_success","logs/V65_BATCH.coqchk.log"
"V65_NAT_ADD_020","nat-add","2","kernel_success","649.4","logs/V65_NAT_ADD_020.coqc.log","coqchk_success","logs/V65_BATCH.coqchk.log"
"V65_NAT_ADD_021","nat-add","2","kernel_success","659.2","logs/V65_NAT_ADD_021.coqc.log","coqchk_success","logs/V65_BATCH.coqchk.log"
"V65_NAT_ADD_022","nat-add","2","kernel_success","594.3","logs/V65_NAT_ADD_022.coqc.log","coqchk_success","logs/V65_BATCH.coqchk.log"
"V65_NAT_ADD_023","nat-add","2","kernel_success","634.6","logs/V65_NAT_ADD_023.coqc.log","coqchk_success","logs/V65_BATCH.coqchk.log"
"V65_NAT_ADD_024","nat-add","2","kernel_success","601.1","logs/V65_NAT_ADD_024.coqc.log","coqchk_success","logs/V65_BATCH.coqchk.log"
"V65_NAT_ADD_025","nat-add","2","kernel_success","716.5","logs/V65_NAT_ADD_025.coqc.log","coqchk_success","logs/V65_BATCH.coqchk.log"
"V65_NAT_ADD_026","nat-add","2","kernel_success","615.9","logs/V65_NAT_ADD_026.coqc.log","coqchk_success","logs/V65_BATCH.coqchk.log"
"V65_NAT_ADD_027","nat-add","2","kernel_success","718","logs/V65_NAT_ADD_027.coqc.log","coqchk_success","logs/V65_BATCH.coqchk.log"
"V65_NAT_ADD_028","nat-add","2","kernel_success","687.3","logs/V65_NAT_ADD_028.coqc.log","coqchk_success","logs/V65_BATCH.coqchk.log"
"V65_NAT_ADD_029","nat-add","2","kernel_success","748.9","logs/V65_NAT_ADD_029.coqc.log","coqchk_success","logs/V65_BATCH.coqchk.log"
"V65_NAT_ADD_030","nat-add","2","kernel_success","672.5","logs/V65_NAT_ADD_030.coqc.log","coqchk_success","logs/V65_BATCH.coqchk.log"
"V65_NAT_ADD_031","nat-add","2","kernel_success","965.1","logs/V65_NAT_ADD_031.coqc.log","coqchk_success","logs/V65_BATCH.coqchk.log"
"V65_NAT_ADD_032","nat-add","2","kernel_success","1828.6","logs/V65_NAT_ADD_032.coqc.log","coqchk_success","logs/V65_BATCH.coqchk.log"
"V65_NAT_ADD_033","nat-add","2","kernel_success","1926.9","logs/V65_NAT_ADD_033.coqc.log","coqchk_success","logs/V65_BATCH.coqchk.log"
"V65_NAT_ADD_034","nat-add","2","kernel_success","1672.6","logs/V65_NAT_ADD_034.coqc.log","coqchk_success","logs/V65_BATCH.coqchk.log"
"V65_NAT_ADD_035","nat-add","2","kernel_success","1602.1","logs/V65_NAT_ADD_035.coqc.log","coqchk_success","logs/V65_BATCH.coqchk.log"
"V65_NAT_ADD_036","nat-add","2","kernel_success","1192.8","logs/V65_NAT_ADD_036.coqc.log","coqchk_success","logs/V65_BATCH.coqchk.log"
"V65_NAT_ADD_037","nat-add","2","kernel_success","1667.6","logs/V65_NAT_ADD_037.coqc.log","coqchk_success","logs/V65_BATCH.coqchk.log"
"V65_NAT_ADD_038","nat-add","2","kernel_success","1926.5","logs/V65_NAT_ADD_038.coqc.log","coqchk_success","logs/V65_BATCH.coqchk.log"
"V65_NAT_ADD_039","nat-add","2","kernel_success","1491","logs/V65_NAT_ADD_039.coqc.log","coqchk_success","logs/V65_BATCH.coqchk.log"
"V65_NAT_ADD_040","nat-add","2","kernel_success","1101.7","logs/V65_NAT_ADD_040.coqc.log","coqchk_success","logs/V65_BATCH.coqchk.log"
"V65_NAT_ADD_041","nat-add","2","kernel_success","952.2","logs/V65_NAT_ADD_041.coqc.log","coqchk_success","logs/V65_BATCH.coqchk.log"
"V65_NAT_ADD_042","nat-add","2","kernel_success","884.7","logs/V65_NAT_ADD_042.coqc.log","coqchk_success","logs/V65_BATCH.coqchk.log"
"V65_NAT_ADD_043","nat-add","2","kernel_success","912.3","logs/V65_NAT_ADD_043.coqc.log","coqchk_success","logs/V65_BATCH.coqchk.log"
"V65_NAT_ADD_044","nat-add","2","kernel_success","771.4","logs/V65_NAT_ADD_044.coqc.log","coqchk_success","logs/V65_BATCH.coqchk.log"
"V65_NAT_ADD_045","nat-add","2","kernel_success","802.8","logs/V65_NAT_ADD_045.coqc.log","coqchk_success","logs/V65_BATCH.coqchk.log"
"V65_NAT_ADD_046","nat-add","2","kernel_success","977.8","logs/V65_NAT_ADD_046.coqc.log","coqchk_success","logs/V65_BATCH.coqchk.log"
"V65_NAT_ADD_047","nat-add","2","kernel_success","905.3","logs/V65_NAT_ADD_047.coqc.log","coqchk_success","logs/V65_BATCH.coqchk.log"
"V65_NAT_ADD_048","nat-add","2","kernel_success","847.4","logs/V65_NAT_ADD_048.coqc.log","coqchk_success","logs/V65_BATCH.coqchk.log"
"V65_NAT_ADD_049","nat-add","2","kernel_success","688.4","logs/V65_NAT_ADD_049.coqc.log","coqchk_success","logs/V65_BATCH.coqchk.log"
"V65_NAT_ADD_050","nat-add","2","kernel_success","689.1","logs/V65_NAT_ADD_050.coqc.log","coqchk_success","logs/V65_BATCH.coqchk.log"
"V65_NAT_MAX_001","nat-max","2","kernel_success","678.3","logs/V65_NAT_MAX_001.coqc.log","coqchk_success","logs/V65_BATCH.coqchk.log"
"V65_NAT_MAX_002","nat-max","2","kernel_success","781.7","logs/V65_NAT_MAX_002.coqc.log","coqchk_success","logs/V65_BATCH.coqchk.log"
"V65_NAT_MAX_003","nat-max","2","kernel_success","857.2","logs/V65_NAT_MAX_003.coqc.log","coqchk_success","logs/V65_BATCH.coqchk.log"
"V65_NAT_MAX_004","nat-max","2","kernel_success","795.4","logs/V65_NAT_MAX_004.coqc.log","coqchk_success","logs/V65_BATCH.coqchk.log"
"V65_NAT_MAX_005","nat-max","2","kernel_success","685.7","logs/V65_NAT_MAX_005.coqc.log","coqchk_success","logs/V65_BATCH.coqchk.log"
"V65_NAT_MAX_006","nat-max","2","kernel_success","729.8","logs/V65_NAT_MAX_006.coqc.log","coqchk_success","logs/V65_BATCH.coqchk.log"
"V65_NAT_MAX_007","nat-max","2","kernel_success","709.9","logs/V65_NAT_MAX_007.coqc.log","coqchk_success","logs/V65_BATCH.coqchk.log"
"V65_NAT_MAX_008","nat-max","2","kernel_success","578.1","logs/V65_NAT_MAX_008.coqc.log","coqchk_success","logs/V65_BATCH.coqchk.log"
"V65_NAT_MAX_009","nat-max","2","kernel_success","598.2","logs/V65_NAT_MAX_009.coqc.log","coqchk_success","logs/V65_BATCH.coqchk.log"
"V65_NAT_MAX_010","nat-max","2","kernel_success","668.8","logs/V65_NAT_MAX_010.coqc.log","coqchk_success","logs/V65_BATCH.coqchk.log"
"V65_NAT_MAX_011","nat-max","2","kernel_success","726.4","logs/V65_NAT_MAX_011.coqc.log","coqchk_success","logs/V65_BATCH.coqchk.log"
"V65_NAT_MAX_012","nat-max","2","kernel_success","761.4","logs/V65_NAT_MAX_012.coqc.log","coqchk_success","logs/V65_BATCH.coqchk.log"
"V65_NAT_MAX_013","nat-max","2","kernel_success","649.1","logs/V65_NAT_MAX_013.coqc.log","coqchk_success","logs/V65_BATCH.coqchk.log"
"V65_NAT_MAX_014","nat-max","2","kernel_success","835.4","logs/V65_NAT_MAX_014.coqc.log","coqchk_success","logs/V65_BATCH.coqchk.log"
"V65_NAT_MAX_015","nat-max","2","kernel_success","745","logs/V65_NAT_MAX_015.coqc.log","coqchk_success","logs/V65_BATCH.coqchk.log"
"V65_NAT_MAX_016","nat-max","2","kernel_success","647.9","logs/V65_NAT_MAX_016.coqc.log","coqchk_success","logs/V65_BATCH.coqchk.log"
"V65_NAT_MAX_017","nat-max","2","kernel_success","743.4","logs/V65_NAT_MAX_017.coqc.log","coqchk_success","logs/V65_BATCH.coqchk.log"
"V65_NAT_MAX_018","nat-max","2","kernel_success","831.4","logs/V65_NAT_MAX_018.coqc.log","coqchk_success","logs/V65_BATCH.coqchk.log"
"V65_NAT_MAX_019","nat-max","2","kernel_success","662.5","logs/V65_NAT_MAX_019.coqc.log","coqchk_success","logs/V65_BATCH.coqchk.log"
"V65_NAT_MAX_020","nat-max","2","kernel_success","620.9","logs/V65_NAT_MAX_020.coqc.log","coqchk_success","logs/V65_BATCH.coqchk.log"
"V65_NAT_MAX_021","nat-max","2","kernel_success","562.1","logs/V65_NAT_MAX_021.coqc.log","coqchk_success","logs/V65_BATCH.coqchk.log"
"V65_NAT_MAX_022","nat-max","2","kernel_success","541.8","logs/V65_NAT_MAX_022.coqc.log","coqchk_success","logs/V65_BATCH.coqchk.log"
"V65_NAT_MAX_023","nat-max","2","kernel_success","554.5","logs/V65_NAT_MAX_023.coqc.log","coqchk_success","logs/V65_BATCH.coqchk.log"
"V65_NAT_MAX_024","nat-max","2","kernel_success","574.7","logs/V65_NAT_MAX_024.coqc.log","coqchk_success","logs/V65_BATCH.coqchk.log"
"V65_NAT_MAX_025","nat-max","2","kernel_success","574.1","logs/V65_NAT_MAX_025.coqc.log","coqchk_success","logs/V65_BATCH.coqchk.log"
"V65_NAT_MAX_026","nat-max","2","kernel_success","703.7","logs/V65_NAT_MAX_026.coqc.log","coqchk_success","logs/V65_BATCH.coqchk.log"
"V65_NAT_MAX_027","nat-max","2","kernel_success","655","logs/V65_NAT_MAX_027.coqc.log","coqchk_success","logs/V65_BATCH.coqchk.log"
"V65_NAT_MAX_028","nat-max","2","kernel_success","547.8","logs/V65_NAT_MAX_028.coqc.log","coqchk_success","logs/V65_BATCH.coqchk.log"
"V65_NAT_MAX_029","nat-max","2","kernel_success","537","logs/V65_NAT_MAX_029.coqc.log","coqchk_success","logs/V65_BATCH.coqchk.log"
"V65_NAT_MAX_030","nat-max","2","kernel_success","477.9","logs/V65_NAT_MAX_030.coqc.log","coqchk_success","logs/V65_BATCH.coqchk.log"
"V65_NAT_MAX_031","nat-max","2","kernel_success","510.2","logs/V65_NAT_MAX_031.coqc.log","coqchk_success","logs/V65_BATCH.coqchk.log"
"V65_NAT_MAX_032","nat-max","2","kernel_success","553.7","logs/V65_NAT_MAX_032.coqc.log","coqchk_success","logs/V65_BATCH.coqchk.log"
"V65_NAT_MAX_033","nat-max","2","kernel_success","655.1","logs/V65_NAT_MAX_033.coqc.log","coqchk_success","logs/V65_BATCH.coqchk.log"
"V65_NAT_MAX_034","nat-max","2","kernel_success","743.2","logs/V65_NAT_MAX_034.coqc.log","coqchk_success","logs/V65_BATCH.coqchk.log"
"V65_NAT_MAX_035","nat-max","2","kernel_success","735.6","logs/V65_NAT_MAX_035.coqc.log","coqchk_success","logs/V65_BATCH.coqchk.log"
"V65_NAT_MAX_036","nat-max","2","kernel_success","664.2","logs/V65_NAT_MAX_036.coqc.log","coqchk_success","logs/V65_BATCH.coqchk.log"
"V65_NAT_MAX_037","nat-max","2","kernel_success","672.3","logs/V65_NAT_MAX_037.coqc.log","coqchk_success","logs/V65_BATCH.coqchk.log"
"V65_NAT_MAX_038","nat-max","2","kernel_success","562.6","logs/V65_NAT_MAX_038.coqc.log","coqchk_success","logs/V65_BATCH.coqchk.log"
"V65_NAT_MAX_039","nat-max","2","kernel_success","502.2","logs/V65_NAT_MAX_039.coqc.log","coqchk_success","logs/V65_BATCH.coqchk.log"
"V65_NAT_MAX_040","nat-max","2","kernel_success","605.5","logs/V65_NAT_MAX_040.coqc.log","coqchk_success","logs/V65_BATCH.coqchk.log"
"V65_NAT_MAX_041","nat-max","2","kernel_success","592.9","logs/V65_NAT_MAX_041.coqc.log","coqchk_success","logs/V65_BATCH.coqchk.log"
"V65_NAT_MAX_042","nat-max","2","kernel_success","879","logs/V65_NAT_MAX_042.coqc.log","coqchk_success","logs/V65_BATCH.coqchk.log"
"V65_NAT_MAX_043","nat-max","2","kernel_success","835.8","logs/V65_NAT_MAX_043.coqc.log","coqchk_success","logs/V65_BATCH.coqchk.log"
"V65_NAT_MAX_044","nat-max","2","kernel_success","873.9","logs/V65_NAT_MAX_044.coqc.log","coqchk_success","logs/V65_BATCH.coqchk.log"
"V65_NAT_MAX_045","nat-max","2","kernel_success","1089.3","logs/V65_NAT_MAX_045.coqc.log","coqchk_success","logs/V65_BATCH.coqchk.log"
"V65_NAT_MAX_046","nat-max","2","kernel_success","714.3","logs/V65_NAT_MAX_046.coqc.log","coqchk_success","logs/V65_BATCH.coqchk.log"
"V65_NAT_MAX_047","nat-max","2","kernel_success","650.2","logs/V65_NAT_MAX_047.coqc.log","coqchk_success","logs/V65_BATCH.coqchk.log"
"V65_NAT_MAX_048","nat-max","2","kernel_success","667","logs/V65_NAT_MAX_048.coqc.log","coqchk_success","logs/V65_BATCH.coqchk.log"
"V65_NAT_MAX_049","nat-max","2","kernel_success","637.4","logs/V65_NAT_MAX_049.coqc.log","coqchk_success","logs/V65_BATCH.coqchk.log"
"V65_NAT_MAX_050","nat-max","2","kernel_success","700.7","logs/V65_NAT_MAX_050.coqc.log","coqchk_success","logs/V65_BATCH.coqchk.log"
